id,age,sex,dataset,cp,trestbps,chol,fbs,restecg,thalch,exang,oldpeak,slope,ca,thal,Heart rate,Systolic blood pressure,Diastolic blood pressure,Blood sugar,CK-MB,Troponin,num,
1,63,Male,Cleveland,typical angina,145,233,1,lv hypertrophy,150,0,2.3,downsloping,0,fixed defect,66,160,83,160,1.8,0.012,0,0
2,67,Male,Cleveland,asymptomatic,160,286,0,lv hypertrophy,108,1,1.5,flat,3,normal,94,98,46,296,6.75,1.06,1,1
3,67,Male,Cleveland,asymptomatic,120,229,0,lv hypertrophy,129,1,2.6,flat,2,reversable defect,64,160,77,270,1.99,0.003,1,1
4,37,Male,Cleveland,non-anginal,130,250,0,normal,187,0,3.5,downsloping,0,normal,70,120,55,270,13.87,0.122,0,0
5,41,Female,Cleveland,atypical angina,130,204,0,lv hypertrophy,172,0,1.4,upsloping,0,normal,64,112,65,300,1.08,0.003,0,0
6,56,Male,Cleveland,atypical angina,120,236,0,normal,178,0,0.8,upsloping,0,normal,61,112,58,87,1.83,0.004,0,0
7,62,Female,Cleveland,asymptomatic,140,268,0,lv hypertrophy,160,0,3.6,downsloping,2,normal,40,179,68,102,0.71,0.003,1,1
8,57,Female,Cleveland,asymptomatic,120,354,0,normal,163,1,0.6,upsloping,0,normal,60,214,82,87,300,2.37,0,0
9,63,Male,Cleveland,asymptomatic,130,254,0,lv hypertrophy,147,0,1.4,flat,1,reversable defect,60,154,81,135,2.35,0.004,1,1
10,53,Male,Cleveland,asymptomatic,140,203,1,lv hypertrophy,155,1,3.1,downsloping,0,reversable defect,61,160,95,100,2.84,0.011,1,1
11,57,Male,Cleveland,asymptomatic,140,192,0,normal,148,0,0.4,flat,0,fixed defect,60,166,90,102,2.39,0.006,0,0
12,56,Female,Cleveland,atypical angina,140,294,0,lv hypertrophy,153,0,1.3,flat,0,normal,60,150,83,198,2.39,0.013,0,0
13,56,Male,Cleveland,non-anginal,130,256,1,lv hypertrophy,142,1,0.6,flat,1,fixed defect,60,199,99,92,3.43,5.37,1,1
14,44,Male,Cleveland,atypical angina,120,263,0,normal,173,0,0,upsloping,0,reversable defect,94,122,67,97,1.42,0.012,0,0
15,52,Male,Cleveland,non-anginal,172,199,1,normal,162,0,0.5,upsloping,0,reversable defect,76,120,70,319,2.57,0.003,0,0
16,57,Male,Cleveland,non-anginal,150,168,0,normal,174,0,1.6,upsloping,0,normal,81,118,66,134,1.49,0.017,0,0
17,48,Male,Cleveland,atypical angina,110,229,0,normal,168,0,1,downsloping,0,reversable defect,73,114,68,87,1.11,0.776,1,1
18,54,Male,Cleveland,asymptomatic,140,239,0,normal,160,0,1.2,upsloping,0,normal,70,100,68,96,0.606,0.004,0,0
19,48,Female,Cleveland,non-anginal,130,275,0,normal,139,0,0.2,upsloping,0,normal,72,107,86,274,2.89,0.003,0,0
20,49,Male,Cleveland,atypical angina,130,266,0,normal,171,0,0.6,upsloping,0,normal,60,109,65,89,1.6,0.02,0,0
21,64,Male,Cleveland,typical angina,110,211,0,lv hypertrophy,144,1,1.8,flat,0,normal,92,151,78,301,1.6,0.005,0,0
22,58,Female,Cleveland,typical angina,150,283,1,lv hypertrophy,162,0,1,upsloping,0,normal,135,98,60,100,94.79,0.004,0,0
23,58,Male,Cleveland,atypical angina,120,284,0,lv hypertrophy,160,0,1.8,flat,0,normal,76,109,85,227,0.665,0.491,1,1
24,58,Male,Cleveland,non-anginal,132,224,0,lv hypertrophy,173,0,3.2,upsloping,2,reversable defect,63,110,68,107,50.46,0.003,1,1
25,60,Male,Cleveland,asymptomatic,130,206,0,lv hypertrophy,132,1,2.4,flat,2,reversable defect,63,104,63,269,38.72,0.612,1,1
26,50,Female,Cleveland,non-anginal,120,219,0,normal,158,0,1.6,flat,0,normal,64,106,68,111,2.11,1.39,0,0
27,58,Female,Cleveland,non-anginal,120,340,0,normal,172,0,0,upsloping,0,normal,65,150,68,101,2.93,0.003,0,0
28,66,Female,Cleveland,typical angina,150,226,0,normal,114,0,2.6,downsloping,0,normal,64,152,60,95,1.61,0.006,0,0
29,43,Male,Cleveland,asymptomatic,150,247,0,normal,171,0,1.5,upsloping,0,normal,66,134,57,279,300,0.007,0,0
30,40,Male,Cleveland,asymptomatic,110,167,0,lv hypertrophy,114,1,2,flat,0,reversable defect,66,135,55,166,0.493,10,1,1
31,69,Female,Cleveland,typical angina,140,239,0,normal,151,0,1.8,upsloping,2,normal,125,131,82,95,1.31,8.3,0,0
32,60,Male,Cleveland,asymptomatic,117,230,1,normal,160,1,1.4,upsloping,2,reversable defect,62,137,61,321,4.58,0.003,1,1
33,64,Male,Cleveland,non-anginal,140,335,0,normal,158,0,0,upsloping,0,normal,61,121,49,98,6.48,0.021,1,1
34,59,Male,Cleveland,asymptomatic,135,234,0,normal,161,0,0.5,flat,0,reversable defect,60,145,62,105,0.929,0.013,0,0
35,44,Male,Cleveland,non-anginal,130,233,0,normal,179,1,0.4,upsloping,0,normal,61,136,70,136,1.37,1.15,0,0
36,42,Male,Cleveland,asymptomatic,140,226,0,normal,178,0,0,upsloping,0,normal,58,156,76,82,6.78,0.012,0,0
37,43,Male,Cleveland,asymptomatic,120,177,0,lv hypertrophy,120,1,2.5,flat,0,reversable defect,60,166,82,117,4.24,0.004,1,1
38,57,Male,Cleveland,asymptomatic,150,276,0,lv hypertrophy,112,1,0.6,flat,1,fixed defect,65,155,75,107,1.3,0.004,1,1
39,55,Male,Cleveland,asymptomatic,132,353,0,normal,132,1,1.2,flat,1,reversable defect,93,120,71,120,0.609,0.013,1,1
40,61,Male,Cleveland,non-anginal,150,243,1,normal,137,1,1,flat,0,normal,96,105,75,136,15.23,0.003,0,0
41,65,Female,Cleveland,asymptomatic,150,225,0,lv hypertrophy,114,0,1,flat,3,reversable defect,94,91,52,208,1.54,0.003,1,1
42,40,Male,Cleveland,typical angina,140,199,0,normal,178,1,1.4,upsloping,0,reversable defect,95,101,76,125,2.93,0.005,0,0
43,71,Female,Cleveland,atypical angina,160,302,0,normal,162,0,0.4,upsloping,2,normal,96,105,70,103,16.95,0.003,0,0
44,59,Male,Cleveland,non-anginal,150,212,1,normal,157,0,1.6,upsloping,0,normal,97,105,80,100,2.97,0.146,0,0
45,61,Female,Cleveland,asymptomatic,130,330,0,lv hypertrophy,169,0,0,upsloping,0,normal,91,121,82,93,4.22,0.008,1,1
46,58,Male,Cleveland,non-anginal,112,230,0,lv hypertrophy,165,0,2.5,flat,1,reversable defect,96,111,74,99,1.29,0.026,1,1
47,51,Male,Cleveland,non-anginal,110,175,0,normal,123,0,0.6,upsloping,0,normal,87,115,78,228,4.8,0.053,0,0
48,50,Male,Cleveland,asymptomatic,150,243,0,lv hypertrophy,128,0,2.6,flat,0,reversable defect,76,133,75,238,1.83,0.004,1,1
49,65,Female,Cleveland,non-anginal,140,417,1,lv hypertrophy,157,0,0.8,upsloping,1,normal,77,153,76,96,1.33,0.009,0,0
50,53,Male,Cleveland,non-anginal,130,197,1,lv hypertrophy,152,0,1.2,downsloping,0,normal,80,152,78,133,1.19,0.003,0,0
51,41,Female,Cleveland,atypical angina,105,198,0,normal,168,0,0,upsloping,1,normal,82,125,61,136,2.11,0.067,0,0
52,65,Male,Cleveland,asymptomatic,120,177,0,normal,140,0,0.4,upsloping,0,reversable defect,83,130,75,113,0.78,0.005,0,0
53,44,Male,Cleveland,asymptomatic,112,290,0,lv hypertrophy,153,0,0,upsloping,1,normal,81,130,65,98,2.28,0.04,1,1
54,44,Male,Cleveland,atypical angina,130,219,0,lv hypertrophy,188,0,0,upsloping,0,normal,82,121,62,91,4.39,0.007,0,0
55,60,Male,Cleveland,asymptomatic,130,253,0,normal,144,1,1.4,upsloping,1,reversable defect,78,127,61,114,19.47,0.01,1,1
56,54,Male,Cleveland,asymptomatic,124,266,0,lv hypertrophy,109,1,2.2,flat,1,reversable defect,90,125,73,96,2.41,0.006,1,1
57,50,Male,Cleveland,non-anginal,140,233,0,normal,163,0,0.6,flat,1,reversable defect,59,110,65,149,3.18,0.003,1,1
58,41,Male,Cleveland,asymptomatic,110,172,0,lv hypertrophy,158,0,0,upsloping,0,reversable defect,57,140,52,103,36.24,0.011,1,1
59,54,Male,Cleveland,non-anginal,125,273,0,lv hypertrophy,152,0,0.5,downsloping,1,normal,76,150,81,110,2.21,0.031,0,0
60,51,Male,Cleveland,typical angina,125,213,0,lv hypertrophy,125,1,1.4,upsloping,1,normal,61,130,74,251,2.19,0.015,0,0
61,51,Female,Cleveland,asymptomatic,130,305,0,normal,142,1,1.2,flat,0,reversable defect,98,110,76,87,5.33,0.076,1,1
62,46,Female,Cleveland,non-anginal,142,177,0,lv hypertrophy,160,1,1.4,downsloping,0,normal,58,120,69,191,5.22,0.015,0,0
63,58,Male,Cleveland,asymptomatic,128,216,0,lv hypertrophy,131,1,2.2,flat,3,reversable defect,83,150,94,334,1.63,0.052,1,1
64,54,Female,Cleveland,non-anginal,135,304,1,normal,170,0,0,upsloping,0,normal,1111,141,95,109,1.33,1.01,0,0
65,54,Male,Cleveland,asymptomatic,120,188,0,normal,113,0,1.4,flat,1,reversable defect,102,130,83,201,1.24,0.089,1,1
66,60,Male,Cleveland,asymptomatic,145,282,0,lv hypertrophy,142,1,2.8,flat,2,reversable defect,103,120,83,101,5.8,0.004,1,1
67,60,Male,Cleveland,non-anginal,140,185,0,lv hypertrophy,155,0,3,flat,0,normal,105,128,80,167,3.29,0.028,1,1
68,54,Male,Cleveland,non-anginal,150,232,0,lv hypertrophy,165,0,1.6,upsloping,0,reversable defect,61,121,60,85,0.937,0.703,0,0
69,59,Male,Cleveland,asymptomatic,170,326,0,lv hypertrophy,140,1,3.4,downsloping,0,reversable defect,59,137,81,112,2.28,0.012,1,1
70,46,Male,Cleveland,non-anginal,150,231,0,normal,147,0,3.6,flat,0,normal,78,115,65,123,4.45,0.007,1,1
71,65,Female,Cleveland,non-anginal,155,269,0,normal,148,0,0.8,upsloping,0,normal,63,123,82,86,4.02,0.007,0,0
72,67,Male,Cleveland,asymptomatic,125,254,1,normal,163,0,0.2,flat,2,reversable defect,91,120,80,177,18.15,0.005,1,1
73,62,Male,Cleveland,asymptomatic,120,267,0,normal,99,1,1.8,flat,2,reversable defect,60,125,88,90,0.865,0.085,1,1
74,65,Male,Cleveland,asymptomatic,110,248,0,lv hypertrophy,158,0,0.6,upsloping,2,fixed defect,58,130,80,125,3.3,0.006,1,1
75,44,Male,Cleveland,asymptomatic,110,197,0,lv hypertrophy,177,0,0,upsloping,1,normal,66,94,63,115,0.718,0.219,1,1
76,65,Female,Cleveland,non-anginal,160,360,0,lv hypertrophy,151,0,0.8,upsloping,0,normal,94,95,65,392,3.45,0.003,0,0
77,60,Male,Cleveland,asymptomatic,125,258,0,lv hypertrophy,141,1,2.8,flat,1,reversable defect,64,101,68,147,7.65,0.006,1,1
78,51,Female,Cleveland,non-anginal,140,308,0,lv hypertrophy,142,0,1.5,upsloping,1,normal,70,117,61,87,4.3,0.01,0,0
79,48,Male,Cleveland,atypical angina,130,245,0,lv hypertrophy,180,0,0.2,flat,0,normal,64,110,58,90,0.994,0.864,0,0
80,58,Male,Cleveland,asymptomatic,150,270,0,lv hypertrophy,111,1,0.8,upsloping,0,reversable defect,61,124,62,141,1.53,0.105,1,1
81,45,Male,Cleveland,asymptomatic,104,208,0,lv hypertrophy,148,1,3,flat,0,normal,80,118,64,147,31.97,0.008,0,0
82,53,Female,Cleveland,asymptomatic,130,264,0,lv hypertrophy,143,0,0.4,flat,0,normal,65,112,58,222,2.91,0.048,0,0
83,39,Male,Cleveland,non-anginal,140,321,0,lv hypertrophy,182,0,0,upsloping,0,normal,93,119,63,174,300,0.888,0,0
84,68,Male,Cleveland,non-anginal,180,274,1,lv hypertrophy,150,1,1.6,flat,0,reversable defect,63,110,59,162,3.2,0.016,1,1
85,52,Male,Cleveland,atypical angina,120,325,0,normal,172,0,0.2,upsloping,0,normal,60,140,80,219,9.35,0.005,0,0
86,44,Male,Cleveland,non-anginal,140,235,0,lv hypertrophy,180,0,0,upsloping,0,normal,72,138,86,189,12.02,1.07,0,0
87,47,Male,Cleveland,non-anginal,138,257,0,lv hypertrophy,156,0,0,upsloping,0,normal,76,157,93,193,4.66,0.003,0,0
89,53,Female,Cleveland,asymptomatic,138,234,0,lv hypertrophy,160,0,0,upsloping,0,normal,74,140,85,85,4.18,0.003,0,0
90,51,Female,Cleveland,non-anginal,130,256,0,lv hypertrophy,149,0,0.5,upsloping,0,normal,85,119,76,87,5.81,0.022,0,0
91,66,Male,Cleveland,asymptomatic,120,302,0,lv hypertrophy,151,0,0.4,flat,0,normal,60,202,88,111,0.633,6.05,0,0
92,62,Female,Cleveland,asymptomatic,160,164,0,lv hypertrophy,145,0,6.2,downsloping,3,reversable defect,60,175,88,181,2.69,0.006,1,1
93,62,Male,Cleveland,non-anginal,130,231,0,normal,146,0,1.8,flat,3,reversable defect,60,124,58,387,1.06,0.01,0,0
94,44,Female,Cleveland,non-anginal,108,141,0,normal,175,0,0.6,flat,0,normal,60,144,54,121,4.82,0.071,0,0
95,63,Female,Cleveland,non-anginal,135,252,0,lv hypertrophy,172,0,0,upsloping,0,normal,60,130,56,294,2.13,0.103,0,0
96,52,Male,Cleveland,asymptomatic,128,255,0,normal,161,1,0,upsloping,1,reversable defect,60,138,58,116,2.85,0.023,1,1
97,59,Male,Cleveland,asymptomatic,110,239,0,lv hypertrophy,142,1,1.2,flat,1,reversable defect,60,129,55,88,1.6,0.038,1,1
98,60,Female,Cleveland,asymptomatic,150,258,0,lv hypertrophy,157,0,2.6,flat,2,reversable defect,60,97,44,167,6.91,0.051,1,1
99,52,Male,Cleveland,atypical angina,134,201,0,normal,158,0,0.8,upsloping,1,normal,62,114,69,240,300,0.004,0,0
100,48,Male,Cleveland,asymptomatic,122,222,0,lv hypertrophy,186,0,0,upsloping,0,normal,75,116,71,132,1.98,0.028,0,0
101,45,Male,Cleveland,asymptomatic,115,260,0,lv hypertrophy,185,0,0,upsloping,0,normal,73,115,72,134,19.5,0.009,0,0
102,34,Male,Cleveland,typical angina,118,182,0,lv hypertrophy,174,0,0,upsloping,0,normal,71,119,76,159,0.468,0.029,0,0
103,57,Female,Cleveland,asymptomatic,128,303,0,lv hypertrophy,159,0,0,upsloping,1,normal,73,135,81,115,165.1,0.014,0,0
104,71,Female,Cleveland,non-anginal,110,265,1,lv hypertrophy,130,0,0,upsloping,1,normal,68,116,74,81,1.64,0.015,0,0
105,49,Male,Cleveland,non-anginal,120,188,0,normal,139,0,2,flat,3,reversable defect,70,113,62,266,300,0.012,1,1
106,54,Male,Cleveland,atypical angina,108,309,0,normal,156,0,0,upsloping,0,reversable defect,87,148,89,142,1.87,0.01,0,0
107,59,Male,Cleveland,asymptomatic,140,177,0,normal,162,1,0,upsloping,1,reversable defect,85,140,82,101,1.69,0.008,1,1
108,57,Male,Cleveland,non-anginal,128,229,0,lv hypertrophy,150,0,0.4,flat,1,reversable defect,83,140,81,244,3.27,2.23,1,1
109,61,Male,Cleveland,asymptomatic,120,260,0,normal,140,1,3.6,flat,1,reversable defect,82,164,90,130,3.75,0.009,1,1
110,39,Male,Cleveland,asymptomatic,118,219,0,normal,140,0,1.2,flat,0,reversable defect,81,150,51,117,1.51,1.55,1,1
111,61,Female,Cleveland,asymptomatic,145,307,0,lv hypertrophy,146,1,1,flat,0,reversable defect,60,156,60,103,5.22,1.84,1,1
112,56,Male,Cleveland,asymptomatic,125,249,1,lv hypertrophy,144,1,1.2,flat,1,normal,67,192,56,120,2.16,0.011,1,1
113,52,Male,Cleveland,typical angina,118,186,0,lv hypertrophy,190,0,0,flat,0,fixed defect,56,171,56,182,5.27,0.64,0,0
114,43,Female,Cleveland,asymptomatic,132,341,1,lv hypertrophy,136,1,3,flat,0,reversable defect,89,111,57,94,1.96,0.003,1,1
115,62,Female,Cleveland,non-anginal,130,263,0,normal,97,0,1.2,flat,1,reversable defect,88,110,70,83,40.99,7.67,1,1
116,41,Male,Cleveland,atypical angina,135,203,0,normal,132,0,0,flat,0,fixed defect,89,100,50,147,96.08,0.008,0,0
117,58,Male,Cleveland,non-anginal,140,211,1,lv hypertrophy,165,0,0,upsloping,0,normal,78,101,54,241,51.9,0.01,0,0
118,35,Female,Cleveland,asymptomatic,138,183,0,normal,182,0,1.4,upsloping,0,normal,80,129,89,318,74.45,0.007,0,0
119,63,Male,Cleveland,asymptomatic,130,330,1,lv hypertrophy,132,1,1.8,upsloping,3,reversable defect,73,108,61,93,8.84,0.061,1,1
120,65,Male,Cleveland,asymptomatic,135,254,0,lv hypertrophy,127,0,2.8,flat,1,reversable defect,71,112,68,66,6.28,0.094,1,1
121,48,Male,Cleveland,asymptomatic,130,256,1,lv hypertrophy,150,1,0,upsloping,2,reversable defect,74,111,71,91,2.2,0.027,1,1
122,63,Female,Cleveland,asymptomatic,150,407,0,lv hypertrophy,154,0,4,flat,3,reversable defect,72,130,73,156,3.2,0.076,1,1
123,51,Male,Cleveland,non-anginal,100,222,0,normal,143,1,1.2,flat,0,normal,78,134,68,123,1.54,0.054,0,0
124,55,Male,Cleveland,asymptomatic,140,217,0,normal,111,1,5.6,downsloping,0,reversable defect,78,132,85,103,49.8,0.252,1,1
125,65,Male,Cleveland,typical angina,138,282,1,lv hypertrophy,174,0,1.4,flat,1,normal,62,115,75,125,1.64,1.79,1,1
126,45,Female,Cleveland,atypical angina,130,234,0,lv hypertrophy,175,0,0.6,flat,0,normal,60,135,85,166,3.46,1.95,0,0
127,56,Female,Cleveland,asymptomatic,200,288,1,lv hypertrophy,133,1,4,downsloping,2,reversable defect,125,121,60,89,2.27,0.392,1,1
128,54,Male,Cleveland,asymptomatic,110,239,0,normal,126,1,2.8,flat,1,reversable defect,65,137,81,115,2.15,0.327,1,1
129,44,Male,Cleveland,atypical angina,120,220,0,normal,170,0,0,upsloping,0,normal,90,135,75,108,0.452,0.046,0,0
130,62,Female,Cleveland,asymptomatic,124,209,0,normal,163,0,0,upsloping,0,normal,89,135,64,322,2,0.006,0,0
131,54,Male,Cleveland,non-anginal,120,258,0,lv hypertrophy,147,0,0.4,flat,0,reversable defect,86,135,65,187,35.55,0.006,0,0
132,51,Male,Cleveland,non-anginal,94,227,0,normal,154,1,0,upsloping,1,reversable defect,85,135,65,105,3.25,0.005,0,0
133,29,Male,Cleveland,atypical angina,130,204,0,lv hypertrophy,202,0,0,upsloping,0,normal,81,113,61,122,21.61,1.24,0,0
134,51,Male,Cleveland,asymptomatic,140,261,0,lv hypertrophy,186,1,0,upsloping,0,normal,94,144,79,89,1.83,0.007,0,0
135,43,Female,Cleveland,non-anginal,122,213,0,normal,165,0,0.2,flat,0,normal,83,131,82,182,2.26,1.15,0,0
136,55,Female,Cleveland,atypical angina,135,250,0,lv hypertrophy,161,0,1.4,flat,0,normal,80,140,83,116,14.21,0.178,0,0
137,70,Male,Cleveland,asymptomatic,145,174,0,normal,125,1,2.6,downsloping,0,reversable defect,64,117,68,94,4.16,0.019,1,1
138,62,Male,Cleveland,atypical angina,120,281,0,lv hypertrophy,103,0,1.4,flat,1,reversable defect,58,119,72,109,1.5,0.009,1,1
139,35,Male,Cleveland,asymptomatic,120,198,0,normal,130,1,1.6,flat,0,reversable defect,62,109,63,362,1.73,0.006,1,1
140,51,Male,Cleveland,non-anginal,125,245,1,lv hypertrophy,166,0,2.4,flat,0,normal,79,85,44,97,1.28,0.006,0,0
141,59,Male,Cleveland,atypical angina,140,221,0,normal,164,1,0,upsloping,0,normal,79,89,57,98,2.46,0.006,0,0
142,59,Male,Cleveland,typical angina,170,288,0,lv hypertrophy,159,0,0.2,flat,0,reversable defect,79,87,47,82,2.38,0.003,1,1
143,52,Male,Cleveland,atypical angina,128,205,1,normal,184,0,0,upsloping,0,normal,80,98,52,110,4.61,0.003,0,0
144,64,Male,Cleveland,non-anginal,125,309,0,normal,131,1,1.8,flat,0,reversable defect,79,99,55,105,1.36,1.97,1,1
145,58,Male,Cleveland,non-anginal,105,240,0,lv hypertrophy,154,1,0.6,flat,0,reversable defect,78,116,60,180,2.58,0.005,0,0
146,47,Male,Cleveland,non-anginal,108,243,0,normal,152,0,0,upsloping,0,normal,78,96,57,116,264.4,0.681,1,1
147,57,Male,Cleveland,asymptomatic,165,289,1,lv hypertrophy,124,0,1,flat,3,reversable defect,77,105,58,92,0.687,0.009,1,1
148,41,Male,Cleveland,non-anginal,112,250,0,normal,179,0,0,upsloping,0,normal,89,95,70,93,20.71,0.106,0,0
149,45,Male,Cleveland,atypical angina,128,308,0,lv hypertrophy,170,0,0,upsloping,0,normal,91,100,71,116,7.02,0.014,0,0
150,60,Female,Cleveland,non-anginal,102,318,0,normal,160,0,0,upsloping,1,normal,83,95,70,94,2.42,1.46,0,0
151,52,Male,Cleveland,typical angina,152,298,1,normal,178,0,1.2,flat,0,reversable defect,82,86,70,87,4.37,0.017,0,0
152,42,Female,Cleveland,asymptomatic,102,265,0,lv hypertrophy,122,0,0.6,flat,0,normal,86,70,92,90,4.76,0.003,0,0
153,67,Female,Cleveland,non-anginal,115,564,0,lv hypertrophy,160,0,1.6,flat,0,reversable defect,92,71,93,127,1.8,0.009,0,0
154,55,Male,Cleveland,asymptomatic,160,289,0,lv hypertrophy,145,1,0.8,flat,1,reversable defect,103,78,92,109,3.84,0.008,1,1
155,64,Male,Cleveland,asymptomatic,120,246,0,lv hypertrophy,96,1,2.2,downsloping,1,normal,72,91,70,147,2.74,0.063,1,1
156,70,Male,Cleveland,asymptomatic,130,322,0,lv hypertrophy,109,0,2.4,flat,3,normal,78,136,82,131,1.65,0.007,1,1
157,51,Male,Cleveland,asymptomatic,140,299,0,normal,173,1,1.6,upsloping,0,reversable defect,75,128,74,84,1.27,0.005,1,1
158,58,Male,Cleveland,asymptomatic,125,300,0,lv hypertrophy,171,0,0,upsloping,2,reversable defect,70,127,77,132,1.3,1.23,1,1
159,60,Male,Cleveland,asymptomatic,140,293,0,lv hypertrophy,170,0,1.2,flat,2,reversable defect,62,110,69,227,1.2,0.016,1,1
160,68,Male,Cleveland,non-anginal,118,277,0,normal,151,0,1,upsloping,1,reversable defect,61,122,66,95,3.45,0.013,0,0
161,46,Male,Cleveland,atypical angina,101,197,1,normal,156,0,0,upsloping,0,reversable defect,60,131,70,134,0.743,2.86,0,0
162,77,Male,Cleveland,asymptomatic,125,304,0,lv hypertrophy,162,1,0,upsloping,3,normal,62,126,65,137,39.53,0.006,1,1
163,54,Female,Cleveland,non-anginal,110,214,0,normal,158,0,1.6,flat,0,normal,72,136,80,111,5.6,0.003,0,0
164,58,Female,Cleveland,asymptomatic,100,248,0,lv hypertrophy,122,0,1,flat,0,normal,70,144,75,111,3.58,0.164,0,0
165,48,Male,Cleveland,non-anginal,124,255,1,normal,175,0,0,upsloping,2,normal,60,135,89,81,4.56,1.86,0,0
166,57,Male,Cleveland,asymptomatic,132,207,0,normal,168,1,0,upsloping,0,reversable defect,65,140,89,242,3.26,0.011,0,0
168,54,Female,Cleveland,atypical angina,132,288,1,lv hypertrophy,159,1,0,upsloping,1,normal,61,134,89,106,2.37,0.032,0,0
169,35,Male,Cleveland,asymptomatic,126,282,0,lv hypertrophy,156,1,0,upsloping,0,reversable defect,66,136,78,130,2.11,0.024,1,1
170,45,Female,Cleveland,atypical angina,112,160,0,normal,138,0,0,flat,0,normal,100,170,103,197,3.36,0.012,0,0
171,70,Male,Cleveland,non-anginal,160,269,0,normal,112,1,2.9,flat,1,reversable defect,76,169,95,152,2.19,0.006,1,1
172,53,Male,Cleveland,asymptomatic,142,226,0,lv hypertrophy,111,1,0,upsloping,0,reversable defect,78,150,76,169,3.43,0.008,0,0
173,59,Female,Cleveland,asymptomatic,174,249,0,normal,143,1,0,flat,0,normal,83,169,78,109,1.49,0.025,1,1
174,62,Female,Cleveland,asymptomatic,140,394,0,lv hypertrophy,157,0,1.2,flat,0,normal,76,149,75,347,20.21,0.009,0,0
175,64,Male,Cleveland,asymptomatic,145,212,0,lv hypertrophy,132,0,2,flat,2,fixed defect,71,144,74,104,4.43,0.013,1,1
176,57,Male,Cleveland,asymptomatic,152,274,0,normal,88,1,1.2,flat,1,reversable defect,75,148,73,117,3.32,0.008,1,1
177,52,Male,Cleveland,asymptomatic,108,233,1,normal,147,0,0.1,upsloping,3,reversable defect,72,154,67,98,16.08,0.01,0,0
178,56,Male,Cleveland,asymptomatic,132,184,0,lv hypertrophy,105,1,2.1,flat,1,fixed defect,73,150,75,103,3.09,0.005,1,1
179,43,Male,Cleveland,non-anginal,130,315,0,normal,162,0,1.9,upsloping,1,normal,74,168,97,102,2,0.014,0,0
180,53,Male,Cleveland,non-anginal,130,246,1,lv hypertrophy,173,0,0,upsloping,3,normal,81,130,58,99,6.14,0.003,0,0
181,48,Male,Cleveland,asymptomatic,124,274,0,lv hypertrophy,166,0,0.5,flat,0,reversable defect,79,141,79,81,2.93,0.142,1,1
182,56,Female,Cleveland,asymptomatic,134,409,0,lv hypertrophy,150,1,1.9,flat,2,reversable defect,67,191,110,165,2.58,0.01,1,1
183,42,Male,Cleveland,typical angina,148,244,0,lv hypertrophy,178,0,0.8,upsloping,2,normal,60,120,60,126,1.3,0.046,0,0
184,59,Male,Cleveland,typical angina,178,270,0,lv hypertrophy,145,0,4.2,downsloping,0,reversable defect,67,145,83,191,0.683,2.99,0,0
185,60,Female,Cleveland,asymptomatic,158,305,0,lv hypertrophy,161,0,0,upsloping,0,normal,60,138,81,321,6.17,0.001,1,1
186,63,Female,Cleveland,atypical angina,140,195,0,normal,179,0,0,upsloping,2,normal,72,141,89,133,8.57,0.008,0,0
187,42,Male,Cleveland,non-anginal,120,240,1,normal,194,0,0.8,downsloping,0,reversable defect,65,137,61,109,1.76,0.003,0,0
188,66,Male,Cleveland,atypical angina,160,246,0,normal,120,1,0,flat,3,fixed defect,69,129,73,215,300,0.005,1,1
189,54,Male,Cleveland,atypical angina,192,283,0,lv hypertrophy,195,0,0,upsloping,1,reversable defect,61,193,86,96,2.99,0.004,1,1
190,69,Male,Cleveland,non-anginal,140,254,0,lv hypertrophy,146,0,2,flat,3,reversable defect,61,145,68,61,286.9,0.004,1,1
191,50,Male,Cleveland,non-anginal,129,196,0,normal,163,0,0,upsloping,0,normal,60,128,72,80,0.487,0.005,0,0
192,51,Male,Cleveland,asymptomatic,140,298,0,normal,122,1,4.2,flat,3,reversable defect,62,157,66,106,3.77,0.024,1,1
194,62,Female,Cleveland,asymptomatic,138,294,1,normal,106,0,1.9,flat,3,normal,80,167,97,92,1.67,0.017,1,1
195,68,Female,Cleveland,non-anginal,120,211,0,lv hypertrophy,115,0,1.5,flat,0,normal,73,160,95,91,1.98,0.051,0,0
196,67,Male,Cleveland,asymptomatic,100,299,0,lv hypertrophy,125,1,0.9,flat,2,normal,69,165,94,95,2.82,0.009,1,1
197,69,Male,Cleveland,typical angina,160,234,1,lv hypertrophy,131,0,0.1,flat,1,normal,81,146,84,195,0.998,0.014,0,0
198,45,Female,Cleveland,asymptomatic,138,236,0,lv hypertrophy,152,1,0.2,flat,0,normal,65,115,66,112,25.74,0.007,0,0
199,50,Female,Cleveland,atypical angina,120,244,0,normal,162,0,1.1,upsloping,0,normal,66,101,50,94,0.596,0.171,0,0
200,59,Male,Cleveland,typical angina,160,273,0,lv hypertrophy,125,0,0,upsloping,0,normal,56,93,65,133,16.62,0.017,1,1
201,50,Female,Cleveland,asymptomatic,110,254,0,lv hypertrophy,159,0,0,upsloping,0,normal,70,140,90,150,1.81,0.013,0,0
202,64,Female,Cleveland,asymptomatic,180,325,0,normal,154,1,0,upsloping,0,normal,69,165,104,194,1.5,0.007,0,0
203,57,Male,Cleveland,non-anginal,150,126,1,normal,173,0,0.2,upsloping,1,reversable defect,68,154,95,102,7.32,0.004,0,0
204,64,Female,Cleveland,non-anginal,140,313,0,normal,133,0,0.2,upsloping,0,reversable defect,67,128,92,114,5.27,0.01,0,0
205,43,Male,Cleveland,asymptomatic,110,211,0,normal,161,0,0,upsloping,0,reversable defect,66,150,95,115,2.96,0.28,0,0
206,45,Male,Cleveland,asymptomatic,142,309,0,lv hypertrophy,147,1,0,flat,3,reversable defect,65,136,88,104,4.55,0.011,1,1
207,58,Male,Cleveland,asymptomatic,128,259,0,lv hypertrophy,130,1,3,flat,2,reversable defect,64,153,93,110,3.09,0.097,1,1
208,50,Male,Cleveland,asymptomatic,144,200,0,lv hypertrophy,126,1,0.9,flat,0,reversable defect,63,175,90,85,1.64,0.002,1,1
209,55,Male,Cleveland,atypical angina,130,262,0,normal,155,0,0,upsloping,0,normal,62,180,100,233,2.94,3.39,0,0
210,62,Female,Cleveland,asymptomatic,150,244,0,normal,154,1,1.4,flat,0,normal,75,116,73,95,4.69,0.006,1,1
211,37,Female,Cleveland,non-anginal,120,215,0,normal,170,0,0,upsloping,0,normal,77,154,76,462,2.14,1.33,0,0
212,38,Male,Cleveland,typical angina,120,231,0,normal,182,1,3.8,flat,0,reversable defect,67,120,55,100,0.676,0.005,1,1
213,41,Male,Cleveland,non-anginal,130,214,0,lv hypertrophy,168,0,2,flat,0,normal,68,42,64,106,0.879,0.426,0,0
214,66,Female,Cleveland,asymptomatic,178,228,1,normal,165,1,1,flat,2,reversable defect,70,114,54,422,2.31,0.008,1,1
215,52,Male,Cleveland,asymptomatic,112,230,0,normal,160,0,0,upsloping,1,normal,70,116,54,100,2.99,0.009,1,1
216,56,Male,Cleveland,typical angina,120,193,0,lv hypertrophy,162,0,1.9,flat,0,reversable defect,72,151,57,245,20.46,0.01,0,0
217,46,Female,Cleveland,atypical angina,105,204,0,normal,172,0,0,upsloping,0,normal,71,149,64,168,25.36,0.013,0,0
218,46,Female,Cleveland,asymptomatic,138,243,0,lv hypertrophy,152,1,0,flat,0,normal,76,115,51,99,2.73,0.103,0,0
219,64,Female,Cleveland,asymptomatic,130,303,0,normal,122,0,2,flat,2,normal,72,136,46,187,1.42,0.004,0,0
220,59,Male,Cleveland,asymptomatic,138,271,0,lv hypertrophy,182,0,0,upsloping,0,normal,74,117,42,101,3.7,0.068,0,0
221,41,Female,Cleveland,non-anginal,112,268,0,lv hypertrophy,172,1,0,upsloping,0,normal,75,144,78,189,2.42,0.006,0,0
222,54,Female,Cleveland,non-anginal,108,267,0,lv hypertrophy,167,0,0,upsloping,0,normal,80,150,52,188,3.24,0.007,0,0
223,39,Female,Cleveland,non-anginal,94,199,0,normal,179,0,0,upsloping,0,normal,84,118,68,98,1.46,0.007,0,0
224,53,Male,Cleveland,asymptomatic,123,282,0,normal,95,1,2,flat,2,reversable defect,110,220,128,101,1.28,0.002,1,1
225,63,Female,Cleveland,asymptomatic,108,269,0,normal,169,1,1.8,flat,2,normal,120,140,90,100,98.48,0.031,1,1
226,34,Female,Cleveland,atypical angina,118,210,0,normal,192,0,0.7,upsloping,0,normal,122,147,95,96,3.86,0.005,0,0
227,47,Male,Cleveland,asymptomatic,112,204,0,normal,143,0,0.1,upsloping,0,normal,119,170,107,129,2.61,0.005,0,0
228,67,Female,Cleveland,non-anginal,152,277,0,normal,172,0,0,upsloping,1,normal,116,144,82,96,4,0.012,0,0
229,54,Male,Cleveland,asymptomatic,110,206,0,lv hypertrophy,108,1,0,flat,1,normal,114,152,91,200,3.35,0.008,1,1
230,66,Male,Cleveland,asymptomatic,112,212,0,lv hypertrophy,132,1,0.1,upsloping,1,normal,80,129,77,110,4.73,0.006,1,1
231,52,Female,Cleveland,non-anginal,136,196,0,lv hypertrophy,169,0,0.1,flat,0,normal,79,150,85,146,4.29,0.061,0,0
232,55,Female,Cleveland,asymptomatic,180,327,0,st-t abnormality,117,1,3.4,flat,0,normal,78,145,81,140,2.91,0.003,1,1
233,49,Male,Cleveland,non-anginal,118,149,0,lv hypertrophy,126,0,0.8,upsloping,3,normal,77,175,98,109,2.7,0.003,1,1
234,74,Female,Cleveland,atypical angina,120,269,0,lv hypertrophy,121,1,0.2,upsloping,1,normal,76,154,86,159,1.16,0.003,0,0
235,54,Female,Cleveland,non-anginal,160,201,0,normal,163,0,0,upsloping,1,normal,75,142,75,122,6.27,0.004,0,0
236,54,Male,Cleveland,asymptomatic,122,286,0,lv hypertrophy,116,1,3.2,flat,2,normal,74,120,70,382,5.16,0.003,1,1
237,56,Male,Cleveland,asymptomatic,130,283,1,lv hypertrophy,103,1,1.6,downsloping,0,reversable defect,73,123,74,217,3.85,0.005,1,1
238,46,Male,Cleveland,asymptomatic,120,249,0,lv hypertrophy,144,0,0.8,upsloping,0,reversable defect,55,120,79,94,1.42,0.353,1,1
239,49,Female,Cleveland,atypical angina,134,271,0,normal,162,0,0,flat,0,normal,53,102,61,303,14.07,0.816,0,0
240,42,Male,Cleveland,atypical angina,120,295,0,normal,162,0,0,upsloping,0,normal,64,107,69,112,101.9,0.017,0,0
241,41,Male,Cleveland,atypical angina,110,235,0,normal,153,0,0,upsloping,0,normal,65,117,72,98,3,0.004,0,0
242,41,Female,Cleveland,atypical angina,126,306,0,normal,163,0,0,upsloping,0,normal,69,103,74,154,1.77,0.004,0,0
243,49,Female,Cleveland,asymptomatic,130,269,0,normal,163,0,0,upsloping,0,normal,61,107,70,102,134.7,0.007,0,0
244,61,Male,Cleveland,typical angina,134,234,0,normal,145,0,2.6,flat,2,normal,55,101,72,115,2.78,0.016,1,1
245,60,Female,Cleveland,non-anginal,120,178,1,normal,96,0,0,upsloping,0,normal,54,104,62,88,14.21,0.004,0,0
246,67,Male,Cleveland,asymptomatic,120,237,0,normal,71,0,1,flat,0,normal,54,87,54,221,0.722,0.014,1,1
247,58,Male,Cleveland,asymptomatic,100,234,0,normal,156,0,0.1,upsloping,1,reversable defect,62,101,64,89,2.27,0.598,1,1
248,47,Male,Cleveland,asymptomatic,110,275,0,lv hypertrophy,118,1,1,flat,1,normal,57,95,57,90,2.9,0.77,1,1
249,52,Male,Cleveland,asymptomatic,125,212,0,normal,168,0,1,upsloping,2,reversable defect,60,86,50,104,2.35,0.019,1,1
250,62,Male,Cleveland,atypical angina,128,208,1,lv hypertrophy,140,0,0,upsloping,0,normal,61,112,56,103,2.98,0.003,0,0
251,57,Male,Cleveland,asymptomatic,110,201,0,normal,126,1,1.5,flat,0,fixed defect,62,123,66,186,2.49,0.048,0,0
252,58,Male,Cleveland,asymptomatic,146,218,0,normal,105,0,2,flat,1,reversable defect,63,129,67,94,3.23,0.003,1,1
253,64,Male,Cleveland,asymptomatic,128,263,0,normal,105,1,0.2,flat,1,reversable defect,64,112,62,112,2.04,0.025,0,0
254,51,Female,Cleveland,non-anginal,120,295,0,lv hypertrophy,157,0,0.6,upsloping,0,normal,65,107,57,140,1.64,0.009,0,0
255,43,Male,Cleveland,asymptomatic,115,303,0,normal,181,0,1.2,flat,0,normal,66,115,62,218,1.9,0.03,0,0
256,42,Female,Cleveland,non-anginal,120,209,0,normal,173,0,0,flat,0,normal,67,124,62,87,3.14,0.009,0,0
257,67,Female,Cleveland,asymptomatic,106,223,0,normal,142,0,0.3,upsloping,2,normal,68,109,59,127,16.55,0.034,0,0
258,76,Female,Cleveland,non-anginal,140,197,0,st-t abnormality,116,0,1.1,flat,0,normal,69,128,70,382,2.33,0.007,0,0
259,70,Male,Cleveland,atypical angina,156,245,0,lv hypertrophy,143,0,0,upsloping,0,normal,74,148,65,152,10.78,0.012,0,0
260,57,Male,Cleveland,atypical angina,124,261,0,normal,141,0,0.3,upsloping,0,reversable defect,73,123,68,222,1.81,0.2,1,1
261,44,Female,Cleveland,non-anginal,118,242,0,normal,149,0,0.3,flat,1,normal,69,111,70,68,13.97,0.292,0,0
262,58,Female,Cleveland,atypical angina,136,319,1,lv hypertrophy,152,0,0,upsloping,2,normal,71,140,71,125,1.72,0.004,1,1
263,60,Female,Cleveland,typical angina,150,240,0,normal,171,0,0.9,upsloping,0,normal,71,143,71,104,1.19,0.07,0,0
264,44,Male,Cleveland,non-anginal,120,226,0,normal,169,0,0,upsloping,0,normal,85,143,73,150,1.68,0.324,0,0
265,61,Male,Cleveland,asymptomatic,138,166,0,lv hypertrophy,125,1,3.6,flat,1,normal,78,139,76,175,2.03,0.006,1,1
266,42,Male,Cleveland,asymptomatic,136,315,0,normal,125,1,1.8,flat,0,fixed defect,92,136,69,92,1.82,0.008,1,1
268,59,Male,Cleveland,non-anginal,126,218,1,normal,134,0,2.2,flat,1,fixed defect,100,178,84,99,2.05,1.18,1,1
269,40,Male,Cleveland,asymptomatic,152,223,0,normal,181,0,0,upsloping,0,reversable defect,94,126,65,105,2.38,0.003,1,1
270,42,Male,Cleveland,non-anginal,130,180,0,normal,150,0,0,upsloping,0,normal,67,120,64,94,2.72,0.245,0,0
271,61,Male,Cleveland,asymptomatic,140,207,0,lv hypertrophy,138,1,1.9,upsloping,1,reversable defect,60,137,78,177,7.64,0.013,1,1
272,66,Male,Cleveland,asymptomatic,160,228,0,lv hypertrophy,138,0,2.3,upsloping,0,fixed defect,90,139,67,50,0.813,0.004,0,0
273,46,Male,Cleveland,asymptomatic,140,311,0,normal,120,1,1.8,flat,2,reversable defect,71,117,61,94,5.86,0.011,1,1
274,71,Female,Cleveland,asymptomatic,112,149,0,normal,125,0,1.6,flat,0,normal,61,99,62,92,43.83,0.008,0,0
275,59,Male,Cleveland,typical angina,134,204,0,normal,162,0,0.8,upsloping,2,normal,59,91,55,103,2.94,0.011,1,1
276,64,Male,Cleveland,typical angina,170,227,0,lv hypertrophy,155,0,0.6,flat,0,reversable defect,67,87,38,88,0.821,0.112,0,0
277,66,Female,Cleveland,non-anginal,146,278,0,lv hypertrophy,152,0,0,flat,1,normal,57,101,59,203,2.7,0.006,0,0
278,39,Female,Cleveland,non-anginal,138,220,0,normal,152,0,0,flat,0,normal,59,100,56,92,15.67,0.006,0,0
279,57,Male,Cleveland,atypical angina,154,232,0,lv hypertrophy,164,0,0,upsloping,1,normal,94,105,81,93,4,0.004,1,1
280,58,Female,Cleveland,asymptomatic,130,197,0,normal,131,0,0.6,flat,0,normal,87,135,84,108,3.76,0.012,0,0
281,57,Male,Cleveland,asymptomatic,110,335,0,normal,143,1,3,flat,1,reversable defect,81,121,83,130,1.24,0.003,1,1
282,47,Male,Cleveland,non-anginal,130,253,0,normal,179,0,0,upsloping,0,normal,90,120,68,119,99.56,0.003,0,0
283,55,Female,Cleveland,asymptomatic,128,205,0,st-t abnormality,130,1,2,flat,1,reversable defect,88,104,62,77,2.12,5.05,1,1
284,35,Male,Cleveland,atypical angina,122,192,0,normal,174,0,0,upsloping,0,normal,64,122,60,87,5.46,0.017,0,0
285,61,Male,Cleveland,asymptomatic,148,203,0,normal,161,0,0,upsloping,1,reversable defect,79,118,55,431,2.73,0.004,1,1
286,58,Male,Cleveland,asymptomatic,114,318,0,st-t abnormality,140,0,4.4,downsloping,3,fixed defect,57,110,60,202,3.64,0.02,1,1
287,58,Female,Cleveland,asymptomatic,170,225,1,lv hypertrophy,146,1,2.8,flat,2,fixed defect,60,113,52,141,7.19,0.012,1,1
289,56,Male,Cleveland,atypical angina,130,221,0,lv hypertrophy,163,0,0,upsloping,0,reversable defect,61,102,64,142,6.09,0.012,0,0
290,56,Male,Cleveland,atypical angina,120,240,0,normal,169,0,0,downsloping,0,normal,94,157,79,92,3.24,0.005,0,0
291,67,Male,Cleveland,non-anginal,152,212,0,lv hypertrophy,150,0,0.8,flat,0,reversable defect,60,124,100,114,3.35,0.022,1,1
292,55,Female,Cleveland,atypical angina,132,342,0,normal,166,0,1.2,upsloping,0,normal,77,100,68,166,1.63,0.003,0,0
293,44,Male,Cleveland,asymptomatic,120,169,0,normal,144,1,2.8,downsloping,0,fixed defect,117,112,74,113,2.64,0.009,1,1
294,63,Male,Cleveland,asymptomatic,140,187,0,lv hypertrophy,144,1,4,upsloping,2,reversable defect,89,87,53,81,0.961,0.015,1,1
295,63,Female,Cleveland,asymptomatic,124,197,0,normal,136,1,0,flat,0,normal,82,80,80,118,1.64,0.008,1,1
296,41,Male,Cleveland,atypical angina,120,157,0,normal,182,0,0,upsloping,0,normal,87,80,50,77,1.22,0.006,0,0
297,59,Male,Cleveland,asymptomatic,164,176,1,lv hypertrophy,90,0,1,flat,2,fixed defect,82,84,54,126,1.93,0.007,1,1
298,57,Female,Cleveland,asymptomatic,140,241,0,normal,123,1,0.2,flat,0,reversable defect,64,83,60,100,3.36,0.01,1,1
299,45,Male,Cleveland,typical angina,110,264,0,normal,132,0,1.2,flat,0,reversable defect,74,95,53,184,3.94,0.267,1,1
300,68,Male,Cleveland,asymptomatic,144,193,1,normal,141,0,3.4,flat,2,reversable defect,61,96,48,91,2.2,0.188,1,1
301,57,Male,Cleveland,asymptomatic,130,131,0,normal,115,1,1.2,flat,1,reversable defect,74,119,78,103,2.98,0.008,1,1
302,57,Female,Cleveland,atypical angina,130,236,0,lv hypertrophy,174,0,0,flat,1,normal,61,119,75,97,8.23,0.016,1,1
509,47,Male,Hungary,asymptomatic,150,226,0,normal,98,1,1.5,flat,0,reversable defect,80,65,53,94,5.37,0.013,1,1
749,56,Male,VA Long Beach,asymptomatic,120,100,0,normal,120,1,1.5,flat,0,reversable defect,83,126,76,246,2.9,0.019,1,1