id,age,sex,dataset,cp,trestbps,chol,fbs,restecg,thalch,exang,oldpeak,slope,ca,thal,num
305.0,29.0,Male,Hungary,atypical angina,120.0,243.0,FALSE,normal,160.0,FALSE,0.0,,,,0
306.0,29.0,Male,Hungary,atypical angina,140.0,,FALSE,normal,170.0,FALSE,0.0,,,,0
307.0,30.0,Female,Hungary,typical angina,170.0,237.0,FALSE,st-t abnormality,170.0,FALSE,0.0,,,fixed defect,0
308.0,31.0,Female,Hungary,atypical angina,100.0,219.0,FALSE,st-t abnormality,150.0,FALSE,0.0,,,,0
309.0,32.0,Female,Hungary,atypical angina,105.0,198.0,FALSE,normal,165.0,FALSE,0.0,,,,0
310.0,32.0,Male,Hungary,atypical angina,110.0,225.0,FALSE,normal,184.0,FALSE,0.0,,,,0
311.0,32.0,Male,Hungary,atypical angina,125.0,254.0,FALSE,normal,155.0,FALSE,0.0,,,,0
312.0,33.0,Male,Hungary,non-anginal,120.0,298.0,FALSE,normal,185.0,FALSE,0.0,,,,0
313.0,34.0,Female,Hungary,atypical angina,130.0,161.0,FALSE,normal,190.0,FALSE,0.0,,,,0
314.0,34.0,Male,Hungary,atypical angina,150.0,214.0,FALSE,st-t abnormality,168.0,FALSE,0.0,,,,0
315.0,34.0,Male,Hungary,atypical angina,98.0,220.0,FALSE,normal,150.0,FALSE,0.0,,,,0
316.0,35.0,Female,Hungary,typical angina,120.0,160.0,FALSE,st-t abnormality,185.0,FALSE,0.0,,,,0
317.0,35.0,Female,Hungary,asymptomatic,140.0,167.0,FALSE,normal,150.0,FALSE,0.0,,,,0
318.0,35.0,Male,Hungary,atypical angina,120.0,308.0,FALSE,lv hypertrophy,180.0,FALSE,0.0,,,,0
319.0,35.0,Male,Hungary,atypical angina,150.0,264.0,FALSE,normal,168.0,FALSE,0.0,,,,0
320.0,36.0,Male,Hungary,atypical angina,120.0,166.0,FALSE,normal,180.0,FALSE,0.0,,,,0
321.0,36.0,Male,Hungary,non-anginal,112.0,340.0,FALSE,normal,184.0,FALSE,1.0,flat,,normal,0
322.0,36.0,Male,Hungary,non-anginal,130.0,209.0,FALSE,normal,178.0,FALSE,0.0,,,,0
323.0,36.0,Male,Hungary,non-anginal,150.0,160.0,FALSE,normal,172.0,FALSE,0.0,,,,0
324.0,37.0,Female,Hungary,atypical angina,120.0,260.0,FALSE,normal,130.0,FALSE,0.0,,,,0
325.0,37.0,Female,Hungary,non-anginal,130.0,211.0,FALSE,normal,142.0,FALSE,0.0,,,,0
326.0,37.0,Female,Hungary,asymptomatic,130.0,173.0,FALSE,st-t abnormality,184.0,FALSE,0.0,,,,0
327.0,37.0,Male,Hungary,atypical angina,130.0,283.0,FALSE,st-t abnormality,98.0,FALSE,0.0,,,,0
328.0,37.0,Male,Hungary,non-anginal,130.0,194.0,FALSE,normal,150.0,FALSE,0.0,,,,0
329.0,37.0,Male,Hungary,asymptomatic,120.0,223.0,FALSE,normal,168.0,FALSE,0.0,,,normal,0
330.0,37.0,Male,Hungary,asymptomatic,130.0,315.0,FALSE,normal,158.0,FALSE,0.0,,,,0
331.0,38.0,Female,Hungary,atypical angina,120.0,275.0,,normal,129.0,FALSE,0.0,,,,0
332.0,38.0,Male,Hungary,atypical angina,140.0,297.0,FALSE,normal,150.0,FALSE,0.0,,,,0
333.0,38.0,Male,Hungary,non-anginal,145.0,292.0,FALSE,normal,130.0,FALSE,0.0,,,,0
334.0,39.0,Female,Hungary,non-anginal,110.0,182.0,FALSE,st-t abnormality,180.0,FALSE,0.0,,,,0
335.0,39.0,Male,Hungary,atypical angina,120.0,,FALSE,st-t abnormality,146.0,FALSE,2.0,upsloping,,,0
336.0,39.0,Male,Hungary,atypical angina,120.0,200.0,FALSE,normal,160.0,TRUE,1.0,flat,,,0
337.0,39.0,Male,Hungary,atypical angina,120.0,204.0,FALSE,normal,145.0,FALSE,0.0,,,,0
338.0,39.0,Male,Hungary,atypical angina,130.0,,FALSE,normal,120.0,FALSE,0.0,,,,0
339.0,39.0,Male,Hungary,atypical angina,190.0,241.0,FALSE,normal,106.0,FALSE,0.0,,,,0
340.0,39.0,Male,Hungary,non-anginal,120.0,339.0,FALSE,normal,170.0,FALSE,0.0,,,,0
341.0,39.0,Male,Hungary,non-anginal,160.0,147.0,TRUE,normal,160.0,FALSE,0.0,,,,0
342.0,39.0,Male,Hungary,asymptomatic,110.0,273.0,FALSE,normal,132.0,FALSE,0.0,,,,0
343.0,39.0,Male,Hungary,asymptomatic,130.0,307.0,FALSE,normal,140.0,FALSE,0.0,,,,0
344.0,40.0,Male,Hungary,atypical angina,130.0,275.0,FALSE,normal,150.0,FALSE,0.0,,,,0
345.0,40.0,Male,Hungary,atypical angina,140.0,289.0,FALSE,normal,172.0,FALSE,0.0,,,,0
346.0,40.0,Male,Hungary,non-anginal,130.0,215.0,FALSE,normal,138.0,FALSE,0.0,,,,0
347.0,40.0,Male,Hungary,non-anginal,130.0,281.0,FALSE,normal,167.0,FALSE,0.0,,,,0
348.0,40.0,Male,Hungary,non-anginal,140.0,,FALSE,normal,188.0,FALSE,0.0,,,,0
349.0,41.0,Female,Hungary,atypical angina,110.0,250.0,FALSE,st-t abnormality,142.0,FALSE,0.0,,,,0
350.0,41.0,Female,Hungary,atypical angina,125.0,184.0,FALSE,normal,180.0,FALSE,0.0,,,,0
351.0,41.0,Female,Hungary,atypical angina,130.0,245.0,FALSE,normal,150.0,FALSE,0.0,,,,0
352.0,41.0,Male,Hungary,atypical angina,120.0,291.0,FALSE,st-t abnormality,160.0,FALSE,0.0,,,,0
353.0,41.0,Male,Hungary,atypical angina,120.0,295.0,FALSE,normal,170.0,FALSE,0.0,,,,0
354.0,41.0,Male,Hungary,atypical angina,125.0,269.0,FALSE,normal,144.0,FALSE,0.0,,,,0
355.0,41.0,Male,Hungary,asymptomatic,112.0,250.0,FALSE,normal,142.0,FALSE,0.0,,,,0
356.0,42.0,Female,Hungary,non-anginal,115.0,211.0,FALSE,st-t abnormality,137.0,FALSE,0.0,,,,0
357.0,42.0,Male,Hungary,atypical angina,120.0,196.0,FALSE,normal,150.0,FALSE,0.0,,,,0
358.0,42.0,Male,Hungary,atypical angina,120.0,198.0,FALSE,normal,155.0,FALSE,0.0,,,,0
359.0,42.0,Male,Hungary,atypical angina,150.0,268.0,FALSE,normal,136.0,FALSE,0.0,,,,0
360.0,42.0,Male,Hungary,non-anginal,120.0,228.0,FALSE,normal,152.0,TRUE,1.5,flat,,,0
361.0,42.0,Male,Hungary,non-anginal,160.0,147.0,FALSE,normal,146.0,FALSE,0.0,,,,0
362.0,42.0,Male,Hungary,asymptomatic,140.0,358.0,FALSE,normal,170.0,FALSE,0.0,,,,0
363.0,43.0,Female,Hungary,typical angina,100.0,223.0,FALSE,normal,142.0,FALSE,0.0,,,,0
364.0,43.0,Female,Hungary,atypical angina,120.0,201.0,FALSE,normal,165.0,FALSE,0.0,,,,0
365.0,43.0,Female,Hungary,atypical angina,120.0,215.0,FALSE,st-t abnormality,175.0,FALSE,0.0,,,,0
366.0,43.0,Female,Hungary,atypical angina,120.0,249.0,FALSE,st-t abnormality,176.0,FALSE,0.0,,,,0
367.0,43.0,Female,Hungary,atypical angina,120.0,266.0,FALSE,normal,118.0,FALSE,0.0,,,,0
368.0,43.0,Female,Hungary,atypical angina,150.0,186.0,FALSE,normal,154.0,FALSE,0.0,,,,0
369.0,43.0,Female,Hungary,non-anginal,150.0,,FALSE,normal,175.0,FALSE,0.0,,,normal,0
370.0,43.0,Male,Hungary,atypical angina,142.0,207.0,FALSE,normal,138.0,FALSE,0.0,,,,0
371.0,44.0,Female,Hungary,asymptomatic,120.0,218.0,FALSE,st-t abnormality,115.0,FALSE,0.0,,,,0
372.0,44.0,Male,Hungary,atypical angina,120.0,184.0,FALSE,normal,142.0,FALSE,1.0,flat,,,0
373.0,44.0,Male,Hungary,atypical angina,130.0,215.0,FALSE,normal,135.0,FALSE,0.0,,,,0
374.0,44.0,Male,Hungary,asymptomatic,150.0,412.0,FALSE,normal,170.0,FALSE,0.0,,,,0
375.0,45.0,Female,Hungary,atypical angina,130.0,237.0,FALSE,normal,170.0,FALSE,0.0,,,,0
376.0,45.0,Female,Hungary,atypical angina,180.0,,FALSE,normal,180.0,FALSE,0.0,,,,0
377.0,45.0,Female,Hungary,asymptomatic,132.0,297.0,FALSE,normal,144.0,FALSE,0.0,,,,0
378.0,45.0,Male,Hungary,atypical angina,140.0,224.0,TRUE,normal,122.0,FALSE,0.0,,,,0
379.0,45.0,Male,Hungary,non-anginal,135.0,,FALSE,normal,110.0,FALSE,0.0,,,,0
380.0,45.0,Male,Hungary,asymptomatic,120.0,225.0,FALSE,normal,140.0,FALSE,0.0,,,,0
381.0,45.0,Male,Hungary,asymptomatic,140.0,224.0,FALSE,normal,144.0,FALSE,0.0,,,,0
382.0,46.0,Female,Hungary,asymptomatic,130.0,238.0,FALSE,normal,90.0,FALSE,0.0,,,,0
383.0,46.0,Male,Hungary,atypical angina,140.0,275.0,FALSE,normal,165.0,TRUE,0.0,,,,0
384.0,46.0,Male,Hungary,non-anginal,120.0,230.0,FALSE,normal,150.0,FALSE,0.0,,,,0
385.0,46.0,Male,Hungary,non-anginal,150.0,163.0,,normal,116.0,FALSE,0.0,,,,0
386.0,46.0,Male,Hungary,asymptomatic,110.0,238.0,FALSE,st-t abnormality,140.0,TRUE,1.0,flat,,normal,0
387.0,46.0,Male,Hungary,asymptomatic,110.0,240.0,FALSE,st-t abnormality,140.0,FALSE,0.0,,,normal,0
388.0,46.0,Male,Hungary,asymptomatic,180.0,280.0,FALSE,st-t abnormality,120.0,FALSE,0.0,,,,0
389.0,47.0,Female,Hungary,atypical angina,140.0,257.0,FALSE,normal,135.0,FALSE,1.0,upsloping,,,0
390.0,47.0,Female,Hungary,non-anginal,130.0,,FALSE,normal,145.0,FALSE,2.0,flat,,,0
391.0,47.0,Male,Hungary,typical angina,110.0,249.0,FALSE,normal,150.0,FALSE,0.0,,,,0
392.0,47.0,Male,Hungary,atypical angina,160.0,263.0,FALSE,normal,174.0,FALSE,0.0,,,,0
393.0,47.0,Male,Hungary,asymptomatic,140.0,276.0,TRUE,normal,125.0,TRUE,0.0,,,,0
394.0,48.0,Female,Hungary,atypical angina,,308.0,FALSE,st-t abnormality,,,2.0,upsloping,,,0
395.0,48.0,Female,Hungary,atypical angina,120.0,,TRUE,st-t abnormality,148.0,FALSE,0.0,,,,0
396.0,48.0,Female,Hungary,atypical angina,120.0,284.0,FALSE,normal,120.0,FALSE,0.0,,,,0
397.0,48.0,Female,Hungary,non-anginal,120.0,195.0,FALSE,normal,125.0,FALSE,0.0,,,,0
398.0,48.0,Female,Hungary,asymptomatic,108.0,163.0,FALSE,normal,175.0,FALSE,2.0,upsloping,,,0
399.0,48.0,Female,Hungary,asymptomatic,120.0,254.0,FALSE,st-t abnormality,110.0,FALSE,0.0,,,,0
400.0,48.0,Female,Hungary,asymptomatic,150.0,227.0,FALSE,normal,130.0,TRUE,1.0,flat,,,0
401.0,48.0,Male,Hungary,atypical angina,100.0,,FALSE,normal,100.0,FALSE,0.0,,,,0
402.0,48.0,Male,Hungary,atypical angina,130.0,245.0,FALSE,normal,160.0,FALSE,0.0,,,,0
403.0,48.0,Male,Hungary,atypical angina,140.0,238.0,FALSE,normal,118.0,FALSE,0.0,,,,0
404.0,48.0,Male,Hungary,non-anginal,110.0,211.0,FALSE,normal,138.0,FALSE,0.0,,,fixed defect,0
405.0,49.0,Female,Hungary,atypical angina,110.0,,FALSE,normal,160.0,FALSE,0.0,,,,0
406.0,49.0,Female,Hungary,atypical angina,110.0,,FALSE,normal,160.0,FALSE,0.0,,,,0
407.0,49.0,Female,Hungary,atypical angina,124.0,201.0,FALSE,normal,164.0,FALSE,0.0,,,,0
408.0,49.0,Female,Hungary,non-anginal,130.0,207.0,FALSE,st-t abnormality,135.0,FALSE,0.0,,,,0
409.0,49.0,Male,Hungary,atypical angina,100.0,253.0,FALSE,normal,174.0,FALSE,0.0,,,,0
410.0,49.0,Male,Hungary,non-anginal,140.0,187.0,FALSE,normal,172.0,FALSE,0.0,,,,0
411.0,49.0,Male,Hungary,asymptomatic,120.0,297.0,,normal,132.0,FALSE,1.0,flat,,,0
412.0,49.0,Male,Hungary,asymptomatic,140.0,,FALSE,normal,130.0,FALSE,0.0,,,,0
413.0,50.0,Female,Hungary,atypical angina,110.0,202.0,FALSE,normal,145.0,FALSE,0.0,,,,0
414.0,50.0,Female,Hungary,asymptomatic,120.0,328.0,FALSE,normal,110.0,TRUE,1.0,flat,,,0
415.0,50.0,Male,Hungary,atypical angina,120.0,168.0,FALSE,normal,160.0,FALSE,0.0,,0.0,,0
416.0,50.0,Male,Hungary,atypical angina,140.0,216.0,FALSE,normal,170.0,FALSE,0.0,,,normal,0
417.0,50.0,Male,Hungary,atypical angina,170.0,209.0,FALSE,st-t abnormality,116.0,FALSE,0.0,,,,0
418.0,50.0,Male,Hungary,asymptomatic,140.0,129.0,FALSE,normal,135.0,FALSE,0.0,,,,0
419.0,50.0,Male,Hungary,asymptomatic,150.0,215.0,FALSE,normal,140.0,TRUE,0.0,,,,0
420.0,51.0,Female,Hungary,atypical angina,160.0,194.0,FALSE,normal,170.0,FALSE,0.0,,,,0
421.0,51.0,Female,Hungary,non-anginal,110.0,190.0,FALSE,normal,120.0,FALSE,0.0,,,,0
422.0,51.0,Female,Hungary,non-anginal,130.0,220.0,FALSE,normal,160.0,TRUE,2.0,upsloping,,,0
423.0,51.0,Female,Hungary,non-anginal,150.0,200.0,FALSE,normal,120.0,FALSE,0.5,upsloping,,,0
424.0,51.0,Male,Hungary,atypical angina,125.0,188.0,FALSE,normal,145.0,FALSE,0.0,,,,0
425.0,51.0,Male,Hungary,atypical angina,130.0,224.0,FALSE,normal,150.0,FALSE,0.0,,,,0
426.0,51.0,Male,Hungary,asymptomatic,130.0,179.0,FALSE,normal,100.0,FALSE,0.0,,,reversable defect,0
427.0,52.0,Female,Hungary,atypical angina,120.0,210.0,FALSE,normal,148.0,FALSE,0.0,,,,0
428.0,52.0,Female,Hungary,atypical angina,140.0,,FALSE,normal,140.0,FALSE,0.0,,,,0
429.0,52.0,Female,Hungary,non-anginal,125.0,272.0,FALSE,normal,139.0,FALSE,0.0,,,,0
430.0,52.0,Female,Hungary,asymptomatic,130.0,180.0,FALSE,normal,140.0,TRUE,1.5,flat,,,0
431.0,52.0,Male,Hungary,atypical angina,120.0,284.0,FALSE,normal,118.0,FALSE,0.0,,,,0
432.0,52.0,Male,Hungary,atypical angina,140.0,100.0,FALSE,normal,138.0,TRUE,0.0,,,,0
433.0,52.0,Male,Hungary,atypical angina,160.0,196.0,FALSE,normal,165.0,FALSE,0.0,,,,0
434.0,52.0,Male,Hungary,non-anginal,140.0,259.0,FALSE,st-t abnormality,170.0,FALSE,0.0,,,,0
435.0,53.0,Female,Hungary,atypical angina,113.0,468.0,,normal,127.0,FALSE,0.0,,,,0
436.0,53.0,Female,Hungary,atypical angina,140.0,216.0,FALSE,normal,142.0,TRUE,2.0,flat,,,0
437.0,53.0,Female,Hungary,non-anginal,120.0,274.0,FALSE,normal,130.0,FALSE,0.0,,,,0
438.0,53.0,Male,Hungary,atypical angina,120.0,,FALSE,normal,132.0,FALSE,0.0,,,,0
439.0,53.0,Male,Hungary,atypical angina,140.0,320.0,FALSE,normal,162.0,FALSE,0.0,,,,0
440.0,53.0,Male,Hungary,non-anginal,120.0,195.0,FALSE,normal,140.0,FALSE,0.0,,,,0
441.0,53.0,Male,Hungary,asymptomatic,124.0,260.0,FALSE,st-t abnormality,112.0,TRUE,3.0,flat,,,0
442.0,53.0,Male,Hungary,asymptomatic,130.0,182.0,FALSE,normal,148.0,FALSE,0.0,,,,0
443.0,53.0,Male,Hungary,asymptomatic,140.0,243.0,FALSE,normal,155.0,FALSE,0.0,,,,0
444.0,54.0,Female,Hungary,atypical angina,120.0,221.0,FALSE,normal,138.0,FALSE,1.0,upsloping,,,0
445.0,54.0,Female,Hungary,atypical angina,120.0,230.0,TRUE,normal,140.0,FALSE,0.0,,,,0
446.0,54.0,Female,Hungary,atypical angina,120.0,273.0,FALSE,normal,150.0,FALSE,1.5,flat,,,0
447.0,54.0,Female,Hungary,atypical angina,130.0,253.0,FALSE,st-t abnormality,155.0,FALSE,0.0,,,,0
448.0,54.0,Female,Hungary,atypical angina,140.0,309.0,,st-t abnormality,140.0,FALSE,0.0,,,,0
449.0,54.0,Female,Hungary,atypical angina,150.0,230.0,FALSE,normal,130.0,FALSE,0.0,,,,0
450.0,54.0,Female,Hungary,atypical angina,160.0,312.0,FALSE,normal,130.0,FALSE,0.0,,,,0
451.0,54.0,Male,Hungary,typical angina,120.0,171.0,FALSE,normal,137.0,FALSE,2.0,upsloping,,,0
452.0,54.0,Male,Hungary,atypical angina,110.0,208.0,FALSE,normal,142.0,FALSE,0.0,,,,0
453.0,54.0,Male,Hungary,atypical angina,120.0,238.0,FALSE,normal,154.0,FALSE,0.0,,,,0
454.0,54.0,Male,Hungary,atypical angina,120.0,246.0,FALSE,normal,110.0,FALSE,0.0,,,,0
455.0,54.0,Male,Hungary,atypical angina,160.0,195.0,FALSE,st-t abnormality,130.0,FALSE,1.0,upsloping,,,0
456.0,54.0,Male,Hungary,atypical angina,160.0,305.0,FALSE,normal,175.0,FALSE,0.0,,,,0
457.0,54.0,Male,Hungary,non-anginal,120.0,217.0,FALSE,normal,137.0,FALSE,0.0,,,,0
458.0,54.0,Male,Hungary,non-anginal,150.0,,FALSE,normal,122.0,FALSE,0.0,,,,0
459.0,54.0,Male,Hungary,asymptomatic,150.0,365.0,FALSE,st-t abnormality,134.0,FALSE,1.0,upsloping,,,0
460.0,55.0,Female,Hungary,atypical angina,110.0,344.0,FALSE,st-t abnormality,160.0,FALSE,0.0,,,,0
461.0,55.0,Female,Hungary,atypical angina,122.0,320.0,FALSE,normal,155.0,FALSE,0.0,,,,0
462.0,55.0,Female,Hungary,atypical angina,130.0,394.0,FALSE,lv hypertrophy,150.0,FALSE,0.0,,,,0
463.0,55.0,Male,Hungary,atypical angina,120.0,256.0,TRUE,normal,137.0,FALSE,0.0,,,reversable defect,0
464.0,55.0,Male,Hungary,atypical angina,140.0,196.0,FALSE,normal,150.0,FALSE,0.0,,,reversable defect,0
465.0,55.0,Male,Hungary,atypical angina,145.0,326.0,FALSE,normal,155.0,FALSE,0.0,,,,0
466.0,55.0,Male,Hungary,non-anginal,110.0,277.0,FALSE,normal,160.0,FALSE,0.0,,,,0
467.0,55.0,Male,Hungary,non-anginal,120.0,220.0,FALSE,lv hypertrophy,134.0,FALSE,0.0,,,,0
468.0,55.0,Male,Hungary,asymptomatic,120.0,270.0,FALSE,normal,140.0,FALSE,0.0,,,,0
469.0,55.0,Male,Hungary,asymptomatic,140.0,229.0,FALSE,normal,110.0,TRUE,0.5,flat,,,0
470.0,56.0,Female,Hungary,non-anginal,130.0,219.0,,st-t abnormality,164.0,FALSE,0.0,,,reversable defect,0
471.0,56.0,Male,Hungary,atypical angina,130.0,184.0,FALSE,normal,100.0,FALSE,0.0,,,,0
472.0,56.0,Male,Hungary,non-anginal,130.0,,FALSE,normal,114.0,FALSE,0.0,,,,0
473.0,56.0,Male,Hungary,non-anginal,130.0,276.0,FALSE,normal,128.0,TRUE,1.0,upsloping,,fixed defect,0
474.0,56.0,Male,Hungary,asymptomatic,120.0,85.0,FALSE,normal,140.0,FALSE,0.0,,,,0
475.0,57.0,Female,Hungary,typical angina,130.0,308.0,FALSE,normal,98.0,FALSE,1.0,flat,,,0
476.0,57.0,Female,Hungary,asymptomatic,180.0,347.0,FALSE,st-t abnormality,126.0,TRUE,0.8,flat,,,0
477.0,57.0,Male,Hungary,atypical angina,140.0,260.0,TRUE,normal,140.0,FALSE,0.0,,,fixed defect,0
478.0,58.0,Male,Hungary,atypical angina,130.0,230.0,FALSE,normal,150.0,FALSE,0.0,,,,0
479.0,58.0,Male,Hungary,atypical angina,130.0,251.0,FALSE,normal,110.0,FALSE,0.0,,,,0
480.0,58.0,Male,Hungary,non-anginal,140.0,179.0,FALSE,normal,160.0,FALSE,0.0,,,,0
481.0,58.0,Male,Hungary,asymptomatic,135.0,222.0,FALSE,normal,100.0,FALSE,0.0,,,,0
482.0,59.0,Female,Hungary,atypical angina,130.0,188.0,FALSE,normal,124.0,FALSE,1.0,flat,,,0
483.0,59.0,Male,Hungary,atypical angina,140.0,287.0,FALSE,normal,150.0,FALSE,0.0,,,,0
484.0,59.0,Male,Hungary,non-anginal,130.0,318.0,FALSE,normal,120.0,TRUE,1.0,flat,,normal,0
485.0,59.0,Male,Hungary,non-anginal,180.0,213.0,FALSE,normal,100.0,FALSE,0.0,,,,0
486.0,59.0,Male,Hungary,asymptomatic,140.0,,FALSE,normal,140.0,FALSE,0.0,,0.0,,0
487.0,60.0,Male,Hungary,non-anginal,120.0,246.0,FALSE,lv hypertrophy,135.0,FALSE,0.0,,,,0
488.0,61.0,Female,Hungary,asymptomatic,130.0,294.0,FALSE,st-t abnormality,120.0,TRUE,1.0,flat,,,0
489.0,61.0,Male,Hungary,asymptomatic,125.0,292.0,FALSE,st-t abnormality,115.0,TRUE,0.0,,,,0
490.0,62.0,Female,Hungary,typical angina,160.0,193.0,FALSE,normal,116.0,FALSE,0.0,,,,0
491.0,62.0,Male,Hungary,atypical angina,140.0,271.0,FALSE,normal,152.0,FALSE,1.0,upsloping,,,0
492.0,31.0,Male,Hungary,asymptomatic,120.0,270.0,FALSE,normal,153.0,TRUE,1.5,flat,,,1
493.0,33.0,Female,Hungary,asymptomatic,100.0,246.0,FALSE,normal,150.0,TRUE,1.0,flat,,,1
494.0,34.0,Male,Hungary,typical angina,140.0,156.0,FALSE,normal,180.0,FALSE,0.0,,,,1
495.0,35.0,Male,Hungary,atypical angina,110.0,257.0,FALSE,normal,140.0,FALSE,0.0,,,,1
496.0,36.0,Male,Hungary,atypical angina,120.0,267.0,FALSE,normal,160.0,FALSE,3.0,flat,,,1
497.0,37.0,Male,Hungary,asymptomatic,140.0,207.0,FALSE,normal,130.0,TRUE,1.5,flat,,,1
498.0,38.0,Male,Hungary,asymptomatic,110.0,196.0,FALSE,normal,166.0,FALSE,0.0,,,,1
499.0,38.0,Male,Hungary,asymptomatic,120.0,282.0,FALSE,normal,170.0,FALSE,0.0,,,,1
500.0,38.0,Male,Hungary,asymptomatic,92.0,117.0,FALSE,normal,134.0,TRUE,2.5,flat,,,1
501.0,40.0,Male,Hungary,asymptomatic,120.0,466.0,,normal,152.0,TRUE,1.0,flat,,fixed defect,1
502.0,41.0,Male,Hungary,asymptomatic,110.0,289.0,FALSE,normal,170.0,FALSE,0.0,,,fixed defect,1
503.0,41.0,Male,Hungary,asymptomatic,120.0,237.0,,normal,138.0,TRUE,1.0,flat,,,1
504.0,43.0,Male,Hungary,asymptomatic,150.0,247.0,FALSE,normal,130.0,TRUE,2.0,flat,,,1
505.0,46.0,Male,Hungary,asymptomatic,110.0,202.0,FALSE,normal,150.0,TRUE,0.0,,,,1
506.0,46.0,Male,Hungary,asymptomatic,118.0,186.0,FALSE,normal,124.0,FALSE,0.0,,,reversable defect,1
507.0,46.0,Male,Hungary,asymptomatic,120.0,277.0,FALSE,normal,125.0,TRUE,1.0,flat,,,1
508.0,47.0,Male,Hungary,non-anginal,140.0,193.0,FALSE,normal,145.0,TRUE,1.0,flat,,,1
509.0,47.0,Male,Hungary,asymptomatic,150.0,226.0,FALSE,normal,98.0,TRUE,1.5,flat,0.0,reversable defect,1
510.0,48.0,Male,Hungary,asymptomatic,106.0,263.0,TRUE,normal,110.0,FALSE,0.0,,,,1
511.0,48.0,Male,Hungary,asymptomatic,120.0,260.0,FALSE,normal,115.0,FALSE,2.0,flat,,,1
512.0,48.0,Male,Hungary,asymptomatic,160.0,268.0,FALSE,normal,103.0,TRUE,1.0,flat,,,1
513.0,49.0,Female,Hungary,non-anginal,160.0,180.0,FALSE,normal,156.0,FALSE,1.0,flat,,,1
514.0,49.0,Male,Hungary,non-anginal,115.0,265.0,FALSE,normal,175.0,FALSE,0.0,,,,1
515.0,49.0,Male,Hungary,asymptomatic,130.0,206.0,FALSE,normal,170.0,FALSE,0.0,,,,1
516.0,50.0,Female,Hungary,non-anginal,140.0,288.0,FALSE,normal,140.0,TRUE,0.0,,,reversable defect,1
517.0,50.0,Male,Hungary,asymptomatic,145.0,264.0,FALSE,normal,150.0,FALSE,0.0,,,,1
518.0,51.0,Female,Hungary,asymptomatic,160.0,303.0,FALSE,normal,150.0,TRUE,1.0,flat,,,1
519.0,52.0,Male,Hungary,asymptomatic,130.0,225.0,FALSE,normal,120.0,TRUE,2.0,flat,,,1
520.0,54.0,Male,Hungary,asymptomatic,125.0,216.0,FALSE,normal,140.0,FALSE,0.0,,,,1
521.0,54.0,Male,Hungary,asymptomatic,125.0,224.0,FALSE,normal,122.0,FALSE,2.0,flat,,,1
522.0,55.0,Male,Hungary,asymptomatic,140.0,201.0,FALSE,normal,130.0,TRUE,3.0,flat,,,1
523.0,57.0,Male,Hungary,atypical angina,140.0,265.0,FALSE,st-t abnormality,145.0,TRUE,1.0,flat,,,1
524.0,58.0,Male,Hungary,non-anginal,130.0,213.0,FALSE,st-t abnormality,140.0,FALSE,0.0,,,fixed defect,1
525.0,59.0,Female,Hungary,asymptomatic,130.0,338.0,TRUE,st-t abnormality,130.0,TRUE,1.5,flat,,,1
526.0,60.0,Male,Hungary,asymptomatic,100.0,248.0,FALSE,normal,125.0,FALSE,1.0,flat,,,1
527.0,63.0,Male,Hungary,asymptomatic,150.0,223.0,FALSE,normal,115.0,FALSE,0.0,,,,1
528.0,65.0,Male,Hungary,asymptomatic,140.0,306.0,TRUE,normal,87.0,TRUE,1.5,flat,,,1
529.0,32.0,Male,Hungary,asymptomatic,118.0,529.0,FALSE,normal,130.0,FALSE,0.0,,,,1
530.0,38.0,Male,Hungary,asymptomatic,110.0,,FALSE,normal,150.0,TRUE,1.0,flat,,,1
531.0,39.0,Male,Hungary,asymptomatic,110.0,280.0,FALSE,normal,150.0,FALSE,0.0,,,fixed defect,1
532.0,40.0,Female,Hungary,asymptomatic,150.0,392.0,FALSE,normal,130.0,FALSE,2.0,flat,,fixed defect,1
533.0,43.0,Male,Hungary,typical angina,120.0,291.0,FALSE,st-t abnormality,155.0,FALSE,0.0,,,,1
534.0,45.0,Male,Hungary,asymptomatic,130.0,219.0,FALSE,st-t abnormality,130.0,TRUE,1.0,flat,,,1
535.0,46.0,Male,Hungary,asymptomatic,120.0,231.0,FALSE,normal,115.0,TRUE,0.0,,,,1
536.0,46.0,Male,Hungary,asymptomatic,130.0,222.0,FALSE,normal,112.0,FALSE,0.0,,,,1
537.0,48.0,Male,Hungary,asymptomatic,122.0,275.0,TRUE,st-t abnormality,150.0,TRUE,2.0,downsloping,,,1
538.0,48.0,Male,Hungary,asymptomatic,160.0,193.0,FALSE,normal,102.0,TRUE,3.0,flat,,,1
539.0,48.0,Male,Hungary,asymptomatic,160.0,329.0,FALSE,normal,92.0,TRUE,1.5,flat,,,1
540.0,48.0,Male,Hungary,asymptomatic,160.0,355.0,FALSE,normal,99.0,TRUE,2.0,flat,,,1
541.0,50.0,Male,Hungary,asymptomatic,130.0,233.0,FALSE,normal,121.0,TRUE,2.0,flat,,reversable defect,1
542.0,52.0,Male,Hungary,asymptomatic,120.0,182.0,FALSE,normal,150.0,FALSE,0.0,,,,1
543.0,52.0,Male,Hungary,asymptomatic,170.0,,FALSE,normal,126.0,TRUE,1.5,flat,,,1
544.0,53.0,Male,Hungary,asymptomatic,120.0,246.0,FALSE,normal,116.0,TRUE,0.0,,,,1
545.0,54.0,Male,Hungary,non-anginal,120.0,237.0,FALSE,normal,150.0,TRUE,1.5,,,reversable defect,1
546.0,54.0,Male,Hungary,asymptomatic,130.0,242.0,FALSE,normal,91.0,TRUE,1.0,flat,,,1
547.0,54.0,Male,Hungary,asymptomatic,130.0,603.0,TRUE,normal,125.0,TRUE,1.0,flat,,,1
548.0,54.0,Male,Hungary,asymptomatic,140.0,,FALSE,normal,118.0,TRUE,0.0,,,,1
549.0,54.0,Male,Hungary,asymptomatic,200.0,198.0,FALSE,normal,142.0,TRUE,2.0,flat,,,1
550.0,55.0,Male,Hungary,asymptomatic,140.0,268.0,FALSE,normal,128.0,TRUE,1.5,flat,,,1
551.0,56.0,Male,Hungary,asymptomatic,150.0,213.0,TRUE,normal,125.0,TRUE,1.0,flat,,,1
552.0,57.0,Male,Hungary,asymptomatic,150.0,255.0,FALSE,normal,92.0,TRUE,3.0,flat,,,1
553.0,58.0,Male,Hungary,non-anginal,160.0,211.0,TRUE,st-t abnormality,92.0,FALSE,0.0,,,,1
554.0,58.0,Male,Hungary,asymptomatic,130.0,263.0,FALSE,normal,140.0,TRUE,2.0,flat,,,1
555.0,41.0,Male,Hungary,asymptomatic,130.0,172.0,FALSE,st-t abnormality,130.0,FALSE,2.0,flat,,,1
556.0,43.0,Male,Hungary,asymptomatic,120.0,175.0,FALSE,normal,120.0,TRUE,1.0,flat,,reversable defect,1
557.0,44.0,Male,Hungary,atypical angina,150.0,288.0,FALSE,normal,150.0,TRUE,3.0,flat,,,1
558.0,44.0,Male,Hungary,asymptomatic,130.0,290.0,FALSE,normal,100.0,TRUE,2.0,flat,,,1
559.0,46.0,Male,Hungary,typical angina,140.0,272.0,TRUE,normal,175.0,FALSE,2.0,flat,,,1
560.0,47.0,Female,Hungary,non-anginal,135.0,248.0,TRUE,normal,170.0,FALSE,0.0,,,,1
561.0,48.0,Female,Hungary,asymptomatic,138.0,214.0,FALSE,normal,108.0,TRUE,1.5,flat,,,1
562.0,49.0,Male,Hungary,asymptomatic,130.0,341.0,FALSE,normal,120.0,TRUE,1.0,flat,,,1
563.0,49.0,Male,Hungary,asymptomatic,140.0,234.0,FALSE,normal,140.0,TRUE,1.0,flat,,,1
564.0,51.0,Male,Hungary,non-anginal,135.0,160.0,FALSE,normal,150.0,FALSE,2.0,flat,,,1
565.0,52.0,Male,Hungary,asymptomatic,112.0,342.0,FALSE,st-t abnormality,96.0,TRUE,1.0,flat,,,1
566.0,52.0,Male,Hungary,asymptomatic,130.0,298.0,FALSE,normal,110.0,TRUE,1.0,flat,,,1
567.0,52.0,Male,Hungary,asymptomatic,140.0,404.0,FALSE,normal,124.0,TRUE,2.0,flat,,,1
568.0,52.0,Male,Hungary,asymptomatic,160.0,246.0,FALSE,st-t abnormality,82.0,TRUE,4.0,flat,,,1
569.0,53.0,Male,Hungary,non-anginal,145.0,518.0,FALSE,normal,130.0,FALSE,0.0,,,,1
570.0,53.0,Male,Hungary,asymptomatic,180.0,285.0,FALSE,st-t abnormality,120.0,TRUE,1.5,flat,,,1
571.0,54.0,Male,Hungary,asymptomatic,140.0,216.0,FALSE,normal,105.0,FALSE,1.5,flat,,,1
572.0,55.0,Male,Hungary,typical angina,140.0,295.0,FALSE,,136.0,FALSE,0.0,,,,1
573.0,55.0,Male,Hungary,atypical angina,160.0,292.0,TRUE,normal,143.0,TRUE,2.0,flat,,,1
574.0,55.0,Male,Hungary,asymptomatic,145.0,248.0,FALSE,normal,96.0,TRUE,2.0,flat,,,1
575.0,56.0,Female,Hungary,atypical angina,120.0,279.0,FALSE,normal,150.0,FALSE,1.0,flat,,,1
576.0,56.0,Male,Hungary,asymptomatic,150.0,230.0,FALSE,st-t abnormality,124.0,TRUE,1.5,flat,,,1
577.0,56.0,Male,Hungary,asymptomatic,170.0,388.0,FALSE,st-t abnormality,122.0,TRUE,2.0,flat,,,1
578.0,58.0,Male,Hungary,atypical angina,136.0,164.0,FALSE,st-t abnormality,99.0,TRUE,2.0,flat,,,1
579.0,59.0,Male,Hungary,asymptomatic,130.0,,FALSE,normal,125.0,FALSE,0.0,,,,1
580.0,59.0,Male,Hungary,asymptomatic,140.0,264.0,TRUE,lv hypertrophy,119.0,TRUE,0.0,,,,1
581.0,65.0,Male,Hungary,asymptomatic,170.0,263.0,TRUE,normal,112.0,TRUE,2.0,flat,,,1
582.0,66.0,Male,Hungary,asymptomatic,140.0,,FALSE,normal,94.0,TRUE,1.0,flat,,,1
583.0,41.0,Male,Hungary,asymptomatic,120.0,336.0,FALSE,normal,118.0,TRUE,3.0,flat,,,1
584.0,43.0,Male,Hungary,asymptomatic,140.0,288.0,FALSE,normal,135.0,TRUE,2.0,flat,,,1
585.0,44.0,Male,Hungary,asymptomatic,135.0,491.0,FALSE,normal,135.0,FALSE,0.0,,,,1
586.0,47.0,Female,Hungary,asymptomatic,120.0,205.0,FALSE,normal,98.0,TRUE,2.0,flat,,fixed defect,1
587.0,47.0,Male,Hungary,asymptomatic,160.0,291.0,FALSE,st-t abnormality,158.0,TRUE,3.0,flat,,,1
588.0,49.0,Male,Hungary,asymptomatic,128.0,212.0,FALSE,normal,96.0,TRUE,0.0,,,,1
589.0,49.0,Male,Hungary,asymptomatic,150.0,222.0,FALSE,normal,122.0,FALSE,2.0,flat,,,1
590.0,50.0,Male,Hungary,asymptomatic,140.0,231.0,FALSE,st-t abnormality,140.0,TRUE,5.0,flat,,,1
591.0,50.0,Male,Hungary,asymptomatic,140.0,341.0,FALSE,st-t abnormality,125.0,TRUE,2.5,flat,,,1
592.0,52.0,Male,Hungary,asymptomatic,140.0,266.0,FALSE,normal,134.0,TRUE,2.0,flat,,,1
593.0,52.0,Male,Hungary,asymptomatic,160.0,331.0,FALSE,normal,94.0,TRUE,2.5,,,,1
594.0,54.0,Female,Hungary,non-anginal,130.0,294.0,FALSE,st-t abnormality,100.0,TRUE,0.0,flat,,,1
595.0,56.0,Male,Hungary,asymptomatic,155.0,342.0,TRUE,normal,150.0,TRUE,3.0,flat,,,1
596.0,58.0,Female,Hungary,atypical angina,180.0,393.0,FALSE,normal,110.0,TRUE,1.0,flat,,reversable defect,1
597.0,65.0,Male,Hungary,asymptomatic,130.0,275.0,FALSE,st-t abnormality,115.0,TRUE,1.0,flat,,,1
