id,age,sex,dataset,cp,trestbps,chol,fbs,restecg,thalch,exang,oldpeak,slope,ca,thal,num
598.0,32.0,Male,Switzerland,typical angina,95.0,0.0,,normal,127.0,FALSE,0.7,upsloping,,,1
599.0,34.0,Male,Switzerland,asymptomatic,115.0,0.0,,,154.0,FALSE,0.2,upsloping,,,1
600.0,35.0,Male,Switzerland,asymptomatic,,0.0,,normal,130.0,TRUE,,,,reversable defect,3
601.0,36.0,Male,Switzerland,asymptomatic,110.0,0.0,,normal,125.0,TRUE,1.0,flat,,fixed defect,1
602.0,38.0,Female,Switzerland,asymptomatic,105.0,0.0,,normal,166.0,FALSE,2.8,upsloping,,,2
603.0,38.0,Female,Switzerland,asymptomatic,110.0,0.0,FALSE,normal,156.0,FALSE,0.0,flat,,normal,1
604.0,38.0,Male,Switzerland,non-anginal,100.0,0.0,,normal,179.0,FALSE,-1.1,upsloping,,,0
605.0,38.0,Male,Switzerland,non-anginal,115.0,0.0,FALSE,normal,128.0,TRUE,0.0,flat,,reversable defect,1
606.0,38.0,Male,Switzerland,asymptomatic,135.0,0.0,,normal,150.0,FALSE,0.0,,,normal,2
607.0,38.0,Male,Switzerland,asymptomatic,150.0,0.0,,normal,120.0,TRUE,,,,normal,1
608.0,40.0,Male,Switzerland,asymptomatic,95.0,0.0,,st-t abnormality,144.0,FALSE,0.0,upsloping,,,2
609.0,41.0,Male,Switzerland,asymptomatic,125.0,0.0,,normal,176.0,FALSE,1.6,upsloping,,,2
610.0,42.0,Male,Switzerland,asymptomatic,105.0,0.0,,normal,128.0,TRUE,-1.5,downsloping,,,1
611.0,42.0,Male,Switzerland,asymptomatic,145.0,0.0,FALSE,normal,99.0,TRUE,0.0,flat,,,2
612.0,43.0,Male,Switzerland,asymptomatic,100.0,0.0,,normal,122.0,FALSE,1.5,downsloping,,,3
613.0,43.0,Male,Switzerland,asymptomatic,115.0,0.0,FALSE,normal,145.0,TRUE,2.0,flat,,reversable defect,4
614.0,43.0,Male,Switzerland,asymptomatic,140.0,0.0,FALSE,st-t abnormality,140.0,TRUE,0.5,upsloping,,reversable defect,2
615.0,45.0,Male,Switzerland,non-anginal,110.0,0.0,,normal,138.0,FALSE,-0.1,upsloping,,,0
616.0,46.0,Male,Switzerland,asymptomatic,100.0,0.0,,st-t abnormality,133.0,FALSE,-2.6,flat,,,1
617.0,46.0,Male,Switzerland,asymptomatic,115.0,0.0,FALSE,normal,113.0,TRUE,1.5,flat,,reversable defect,1
618.0,47.0,Male,Switzerland,non-anginal,110.0,0.0,,normal,120.0,TRUE,0.0,,,normal,1
619.0,47.0,Male,Switzerland,non-anginal,155.0,0.0,FALSE,normal,118.0,TRUE,1.0,flat,,normal,3
620.0,47.0,Male,Switzerland,asymptomatic,110.0,0.0,,st-t abnormality,149.0,FALSE,2.1,upsloping,,,2
621.0,47.0,Male,Switzerland,asymptomatic,160.0,0.0,FALSE,normal,124.0,TRUE,0.0,flat,,reversable defect,1
622.0,48.0,Male,Switzerland,asymptomatic,115.0,0.0,,normal,128.0,FALSE,0.0,flat,,fixed defect,2
623.0,50.0,Female,Switzerland,asymptomatic,160.0,0.0,,normal,110.0,FALSE,0.0,,,normal,1
624.0,50.0,Male,Switzerland,asymptomatic,115.0,0.0,FALSE,normal,120.0,TRUE,0.5,flat,,fixed defect,3
625.0,50.0,Male,Switzerland,asymptomatic,120.0,0.0,FALSE,st-t abnormality,156.0,TRUE,0.0,upsloping,,fixed defect,3
626.0,50.0,Male,Switzerland,asymptomatic,145.0,0.0,,normal,139.0,TRUE,0.7,flat,,,1
627.0,51.0,Female,Switzerland,asymptomatic,120.0,0.0,,normal,127.0,TRUE,1.5,upsloping,,,2
628.0,51.0,Male,Switzerland,asymptomatic,110.0,0.0,,normal,92.0,FALSE,0.0,flat,,,4
629.0,51.0,Male,Switzerland,asymptomatic,120.0,0.0,TRUE,normal,104.0,FALSE,0.0,flat,,normal,3
630.0,51.0,Male,Switzerland,asymptomatic,130.0,0.0,,normal,170.0,FALSE,-0.7,upsloping,,,2
631.0,51.0,Male,Switzerland,asymptomatic,130.0,0.0,,st-t abnormality,163.0,FALSE,0.0,,,reversable defect,1
632.0,51.0,Male,Switzerland,asymptomatic,140.0,0.0,FALSE,normal,60.0,FALSE,0.0,flat,,normal,2
633.0,51.0,Male,Switzerland,asymptomatic,95.0,0.0,,normal,126.0,FALSE,2.2,flat,,,2
634.0,52.0,Male,Switzerland,asymptomatic,130.0,0.0,,normal,120.0,FALSE,0.0,flat,,reversable defect,2
635.0,52.0,Male,Switzerland,asymptomatic,135.0,0.0,,normal,128.0,TRUE,2.0,flat,,reversable defect,2
636.0,52.0,Male,Switzerland,asymptomatic,165.0,0.0,,normal,122.0,TRUE,1.0,upsloping,,reversable defect,2
637.0,52.0,Male,Switzerland,asymptomatic,95.0,0.0,,normal,82.0,TRUE,,,,,2
638.0,53.0,Male,Switzerland,atypical angina,120.0,0.0,FALSE,normal,95.0,FALSE,0.0,flat,,normal,3
639.0,53.0,Male,Switzerland,atypical angina,130.0,0.0,,st-t abnormality,120.0,FALSE,0.7,downsloping,,,0
640.0,53.0,Male,Switzerland,non-anginal,105.0,0.0,FALSE,normal,115.0,FALSE,0.0,flat,,reversable defect,1
641.0,53.0,Male,Switzerland,non-anginal,160.0,0.0,,lv hypertrophy,122.0,TRUE,0.0,,,reversable defect,1
642.0,53.0,Male,Switzerland,asymptomatic,120.0,0.0,,normal,120.0,FALSE,0.0,flat,,reversable defect,1
643.0,53.0,Male,Switzerland,asymptomatic,125.0,0.0,,normal,120.0,FALSE,1.5,upsloping,,,4
644.0,53.0,Male,Switzerland,asymptomatic,130.0,0.0,FALSE,lv hypertrophy,135.0,TRUE,1.0,flat,,reversable defect,2
645.0,53.0,Male,Switzerland,asymptomatic,80.0,0.0,,normal,141.0,TRUE,2.0,downsloping,,,0
646.0,54.0,Male,Switzerland,asymptomatic,120.0,0.0,FALSE,normal,155.0,FALSE,0.0,flat,,reversable defect,2
647.0,54.0,Male,Switzerland,asymptomatic,130.0,0.0,,normal,110.0,TRUE,3.0,flat,,reversable defect,3
648.0,54.0,Male,Switzerland,asymptomatic,180.0,0.0,,normal,150.0,FALSE,1.5,flat,,reversable defect,1
649.0,55.0,Male,Switzerland,atypical angina,140.0,0.0,,st-t abnormality,150.0,FALSE,0.2,upsloping,,,0
650.0,55.0,Male,Switzerland,asymptomatic,115.0,0.0,,normal,155.0,FALSE,0.1,flat,,,1
651.0,55.0,Male,Switzerland,asymptomatic,120.0,0.0,FALSE,st-t abnormality,92.0,FALSE,0.3,upsloping,,reversable defect,4
652.0,55.0,Male,Switzerland,asymptomatic,140.0,0.0,FALSE,normal,83.0,FALSE,0.0,flat,,reversable defect,2
653.0,56.0,Male,Switzerland,non-anginal,120.0,0.0,FALSE,normal,97.0,FALSE,0.0,flat,,reversable defect,0
654.0,56.0,Male,Switzerland,non-anginal,125.0,0.0,,normal,98.0,FALSE,-2.0,flat,,reversable defect,2
655.0,56.0,Male,Switzerland,non-anginal,155.0,0.0,FALSE,st-t abnormality,99.0,FALSE,0.0,flat,,normal,2
656.0,56.0,Male,Switzerland,asymptomatic,115.0,0.0,,st-t abnormality,82.0,FALSE,-1.0,upsloping,,,1
657.0,56.0,Male,Switzerland,asymptomatic,120.0,0.0,FALSE,st-t abnormality,100.0,TRUE,-1.0,downsloping,,reversable defect,2
658.0,56.0,Male,Switzerland,asymptomatic,120.0,0.0,FALSE,st-t abnormality,148.0,FALSE,0.0,flat,,,2
659.0,56.0,Male,Switzerland,asymptomatic,125.0,0.0,TRUE,normal,103.0,TRUE,1.0,flat,,reversable defect,3
660.0,56.0,Male,Switzerland,asymptomatic,140.0,0.0,,normal,121.0,TRUE,1.8,upsloping,,,1
661.0,57.0,Male,Switzerland,non-anginal,105.0,0.0,,normal,148.0,FALSE,0.3,flat,,,1
662.0,57.0,Male,Switzerland,asymptomatic,110.0,0.0,,st-t abnormality,131.0,TRUE,1.4,upsloping,1.0,,3
663.0,57.0,Male,Switzerland,asymptomatic,140.0,0.0,FALSE,normal,120.0,TRUE,2.0,flat,,fixed defect,2
664.0,57.0,Male,Switzerland,asymptomatic,140.0,0.0,,normal,100.0,TRUE,0.0,,,fixed defect,3
665.0,57.0,Male,Switzerland,asymptomatic,160.0,0.0,,normal,98.0,TRUE,2.0,flat,,reversable defect,2
666.0,57.0,Male,Switzerland,asymptomatic,95.0,0.0,,normal,182.0,FALSE,0.7,downsloping,,,1
667.0,58.0,Male,Switzerland,asymptomatic,115.0,0.0,,normal,138.0,FALSE,0.5,upsloping,,,1
668.0,58.0,Male,Switzerland,asymptomatic,130.0,0.0,FALSE,st-t abnormality,100.0,TRUE,1.0,flat,,fixed defect,4
669.0,58.0,Male,Switzerland,asymptomatic,170.0,0.0,,st-t abnormality,105.0,TRUE,0.0,,,normal,1
670.0,59.0,Male,Switzerland,non-anginal,125.0,0.0,,normal,175.0,FALSE,2.6,flat,,,1
671.0,59.0,Male,Switzerland,asymptomatic,110.0,0.0,,normal,94.0,FALSE,0.0,,,fixed defect,3
672.0,59.0,Male,Switzerland,asymptomatic,120.0,0.0,FALSE,normal,115.0,FALSE,0.0,flat,,normal,2
673.0,59.0,Male,Switzerland,asymptomatic,125.0,0.0,,normal,119.0,TRUE,0.9,upsloping,,,1
674.0,59.0,Male,Switzerland,asymptomatic,135.0,0.0,FALSE,normal,115.0,TRUE,1.0,flat,,reversable defect,1
675.0,60.0,Male,Switzerland,non-anginal,115.0,0.0,,normal,143.0,FALSE,2.4,upsloping,,,1
676.0,60.0,Male,Switzerland,asymptomatic,125.0,0.0,,normal,110.0,FALSE,0.1,upsloping,2.0,,3
677.0,60.0,Male,Switzerland,asymptomatic,130.0,0.0,,st-t abnormality,130.0,TRUE,1.1,downsloping,1.0,,1
678.0,60.0,Male,Switzerland,asymptomatic,135.0,0.0,FALSE,normal,63.0,TRUE,0.5,upsloping,,reversable defect,3
679.0,60.0,Male,Switzerland,asymptomatic,160.0,0.0,FALSE,st-t abnormality,99.0,TRUE,0.5,flat,,reversable defect,3
680.0,60.0,Male,Switzerland,asymptomatic,160.0,0.0,,normal,149.0,FALSE,0.4,flat,,,1
681.0,61.0,Male,Switzerland,non-anginal,200.0,0.0,,st-t abnormality,70.0,FALSE,0.0,,,normal,3
682.0,61.0,Male,Switzerland,asymptomatic,105.0,0.0,,normal,110.0,TRUE,1.5,upsloping,,,1
683.0,61.0,Male,Switzerland,asymptomatic,110.0,0.0,,normal,113.0,FALSE,1.4,flat,,,1
684.0,61.0,Male,Switzerland,asymptomatic,125.0,0.0,FALSE,normal,105.0,TRUE,0.0,downsloping,,reversable defect,3
685.0,61.0,Male,Switzerland,asymptomatic,130.0,0.0,FALSE,lv hypertrophy,115.0,FALSE,0.0,flat,,reversable defect,3
686.0,61.0,Male,Switzerland,asymptomatic,130.0,0.0,,normal,77.0,FALSE,2.5,flat,,,3
687.0,61.0,Male,Switzerland,asymptomatic,150.0,0.0,FALSE,normal,105.0,TRUE,0.0,flat,,reversable defect,1
688.0,61.0,Male,Switzerland,asymptomatic,150.0,0.0,FALSE,normal,117.0,TRUE,2.0,flat,,reversable defect,2
689.0,61.0,Male,Switzerland,asymptomatic,160.0,0.0,TRUE,st-t abnormality,145.0,FALSE,1.0,flat,,reversable defect,2
690.0,62.0,Female,Switzerland,typical angina,140.0,0.0,,normal,143.0,FALSE,0.0,,,normal,2
691.0,62.0,Female,Switzerland,asymptomatic,120.0,0.0,,st-t abnormality,123.0,TRUE,1.7,downsloping,,,1
692.0,62.0,Male,Switzerland,typical angina,120.0,0.0,,lv hypertrophy,134.0,FALSE,-0.8,flat,2.0,,1
693.0,62.0,Male,Switzerland,non-anginal,160.0,0.0,FALSE,normal,72.0,TRUE,0.0,flat,,normal,3
694.0,62.0,Male,Switzerland,asymptomatic,115.0,0.0,,normal,128.0,TRUE,2.5,downsloping,,,2
695.0,62.0,Male,Switzerland,asymptomatic,115.0,0.0,,normal,72.0,TRUE,-0.5,flat,,normal,1
696.0,62.0,Male,Switzerland,asymptomatic,150.0,0.0,,st-t abnormality,78.0,FALSE,2.0,flat,,reversable defect,3
697.0,63.0,Male,Switzerland,asymptomatic,100.0,0.0,,normal,109.0,FALSE,-0.9,flat,,,1
698.0,63.0,Male,Switzerland,asymptomatic,140.0,0.0,,lv hypertrophy,149.0,FALSE,2.0,upsloping,,,2
699.0,63.0,Male,Switzerland,asymptomatic,150.0,0.0,FALSE,normal,86.0,TRUE,2.0,flat,,,3
700.0,63.0,Male,Switzerland,asymptomatic,150.0,0.0,,st-t abnormality,154.0,FALSE,3.7,upsloping,,,3
701.0,63.0,Male,Switzerland,asymptomatic,185.0,0.0,FALSE,normal,98.0,TRUE,0.0,upsloping,,reversable defect,1
702.0,64.0,Female,Switzerland,asymptomatic,200.0,0.0,FALSE,normal,140.0,TRUE,1.0,flat,,normal,3
703.0,64.0,Female,Switzerland,asymptomatic,95.0,0.0,,normal,145.0,FALSE,1.1,downsloping,,,1
704.0,64.0,Male,Switzerland,asymptomatic,110.0,0.0,,normal,114.0,TRUE,1.3,downsloping,,,1
705.0,65.0,Male,Switzerland,asymptomatic,115.0,0.0,FALSE,normal,93.0,TRUE,0.0,flat,,reversable defect,1
706.0,65.0,Male,Switzerland,asymptomatic,145.0,0.0,,st-t abnormality,67.0,FALSE,,,,fixed defect,3
707.0,65.0,Male,Switzerland,asymptomatic,155.0,0.0,,normal,154.0,FALSE,1.0,upsloping,,,0
708.0,65.0,Male,Switzerland,asymptomatic,160.0,0.0,TRUE,st-t abnormality,122.0,FALSE,,,,reversable defect,3
709.0,66.0,Female,Switzerland,asymptomatic,155.0,0.0,,normal,90.0,FALSE,0.0,,,reversable defect,1
710.0,66.0,Male,Switzerland,asymptomatic,150.0,0.0,FALSE,normal,108.0,TRUE,2.0,flat,,reversable defect,3
711.0,67.0,Male,Switzerland,typical angina,145.0,0.0,FALSE,lv hypertrophy,125.0,FALSE,0.0,flat,,normal,2
712.0,68.0,Male,Switzerland,asymptomatic,135.0,0.0,FALSE,st-t abnormality,120.0,TRUE,0.0,upsloping,,reversable defect,3
713.0,68.0,Male,Switzerland,asymptomatic,145.0,0.0,,normal,136.0,FALSE,1.8,upsloping,,,1
714.0,69.0,Male,Switzerland,asymptomatic,135.0,0.0,FALSE,normal,130.0,FALSE,0.0,flat,,fixed defect,1
715.0,69.0,Male,Switzerland,asymptomatic,,0.0,FALSE,st-t abnormality,,,,,,reversable defect,3
716.0,70.0,Male,Switzerland,asymptomatic,115.0,0.0,FALSE,st-t abnormality,92.0,TRUE,0.0,flat,,reversable defect,1
717.0,70.0,Male,Switzerland,asymptomatic,140.0,0.0,TRUE,normal,157.0,TRUE,2.0,flat,,reversable defect,3
718.0,72.0,Male,Switzerland,non-anginal,160.0,0.0,,lv hypertrophy,114.0,FALSE,1.6,flat,2.0,,0
719.0,73.0,Female,Switzerland,non-anginal,160.0,0.0,FALSE,st-t abnormality,121.0,FALSE,0.0,upsloping,,normal,1
720.0,74.0,Male,Switzerland,atypical angina,145.0,0.0,,st-t abnormality,123.0,FALSE,1.3,upsloping,,,1
