id,age,sex,dataset,cp,trestbps,chol,fbs,restecg,thalch,exang,oldpeak,slope,ca,thal,num
1.0,63.0,Male,Cleveland,typical angina,145.0,233.0,TRUE,lv hypertrophy,150.0,FALSE,2.3,downsloping,0.0,fixed defect,0
2.0,67.0,Male,Cleveland,asymptomatic,160.0,286.0,FALSE,lv hypertrophy,108.0,TRUE,1.5,flat,3.0,normal,2
3.0,67.0,Male,Cleveland,asymptomatic,120.0,229.0,FALSE,lv hypertrophy,129.0,TRUE,2.6,flat,2.0,reversable defect,1
4.0,37.0,Male,Cleveland,non-anginal,130.0,250.0,FALSE,normal,187.0,FALSE,3.5,downsloping,0.0,normal,0
5.0,41.0,Female,Cleveland,atypical angina,130.0,204.0,FALSE,lv hypertrophy,172.0,FALSE,1.4,upsloping,0.0,normal,0
6.0,56.0,Male,Cleveland,atypical angina,120.0,236.0,FALSE,normal,178.0,FALSE,0.8,upsloping,0.0,normal,0
7.0,62.0,Female,Cleveland,asymptomatic,140.0,268.0,FALSE,lv hypertrophy,160.0,FALSE,3.6,downsloping,2.0,normal,3
8.0,57.0,Female,Cleveland,asymptomatic,120.0,354.0,FALSE,normal,163.0,TRUE,0.6,upsloping,0.0,normal,0
9.0,63.0,Male,Cleveland,asymptomatic,130.0,254.0,FALSE,lv hypertrophy,147.0,FALSE,1.4,flat,1.0,reversable defect,2
10.0,53.0,Male,Cleveland,asymptomatic,140.0,203.0,TRUE,lv hypertrophy,155.0,TRUE,3.1,downsloping,0.0,reversable defect,1
11.0,57.0,Male,Cleveland,asymptomatic,140.0,192.0,FALSE,normal,148.0,FALSE,0.4,flat,0.0,fixed defect,0
12.0,56.0,Female,Cleveland,atypical angina,140.0,294.0,FALSE,lv hypertrophy,153.0,FALSE,1.3,flat,0.0,normal,0
13.0,56.0,Male,Cleveland,non-anginal,130.0,256.0,TRUE,lv hypertrophy,142.0,TRUE,0.6,flat,1.0,fixed defect,2
14.0,44.0,Male,Cleveland,atypical angina,120.0,263.0,FALSE,normal,173.0,FALSE,0.0,upsloping,0.0,reversable defect,0
15.0,52.0,Male,Cleveland,non-anginal,172.0,199.0,TRUE,normal,162.0,FALSE,0.5,upsloping,0.0,reversable defect,0
16.0,57.0,Male,Cleveland,non-anginal,150.0,168.0,FALSE,normal,174.0,FALSE,1.6,upsloping,0.0,normal,0
17.0,48.0,Male,Cleveland,atypical angina,110.0,229.0,FALSE,normal,168.0,FALSE,1.0,downsloping,0.0,reversable defect,1
18.0,54.0,Male,Cleveland,asymptomatic,140.0,239.0,FALSE,normal,160.0,FALSE,1.2,upsloping,0.0,normal,0
19.0,48.0,Female,Cleveland,non-anginal,130.0,275.0,FALSE,normal,139.0,FALSE,0.2,upsloping,0.0,normal,0
20.0,49.0,Male,Cleveland,atypical angina,130.0,266.0,FALSE,normal,171.0,FALSE,0.6,upsloping,0.0,normal,0
21.0,64.0,Male,Cleveland,typical angina,110.0,211.0,FALSE,lv hypertrophy,144.0,TRUE,1.8,flat,0.0,normal,0
22.0,58.0,Female,Cleveland,typical angina,150.0,283.0,TRUE,lv hypertrophy,162.0,FALSE,1.0,upsloping,0.0,normal,0
23.0,58.0,Male,Cleveland,atypical angina,120.0,284.0,FALSE,lv hypertrophy,160.0,FALSE,1.8,flat,0.0,normal,1
24.0,58.0,Male,Cleveland,non-anginal,132.0,224.0,FALSE,lv hypertrophy,173.0,FALSE,3.2,upsloping,2.0,reversable defect,3
25.0,60.0,Male,Cleveland,asymptomatic,130.0,206.0,FALSE,lv hypertrophy,132.0,TRUE,2.4,flat,2.0,reversable defect,4
26.0,50.0,Female,Cleveland,non-anginal,120.0,219.0,FALSE,normal,158.0,FALSE,1.6,flat,0.0,normal,0
27.0,58.0,Female,Cleveland,non-anginal,120.0,340.0,FALSE,normal,172.0,FALSE,0.0,upsloping,0.0,normal,0
28.0,66.0,Female,Cleveland,typical angina,150.0,226.0,FALSE,normal,114.0,FALSE,2.6,downsloping,0.0,normal,0
29.0,43.0,Male,Cleveland,asymptomatic,150.0,247.0,FALSE,normal,171.0,FALSE,1.5,upsloping,0.0,normal,0
30.0,40.0,Male,Cleveland,asymptomatic,110.0,167.0,FALSE,lv hypertrophy,114.0,TRUE,2.0,flat,0.0,reversable defect,3
31.0,69.0,Female,Cleveland,typical angina,140.0,239.0,FALSE,normal,151.0,FALSE,1.8,upsloping,2.0,normal,0
32.0,60.0,Male,Cleveland,asymptomatic,117.0,230.0,TRUE,normal,160.0,TRUE,1.4,upsloping,2.0,reversable defect,2
33.0,64.0,Male,Cleveland,non-anginal,140.0,335.0,FALSE,normal,158.0,FALSE,0.0,upsloping,0.0,normal,1
34.0,59.0,Male,Cleveland,asymptomatic,135.0,234.0,FALSE,normal,161.0,FALSE,0.5,flat,0.0,reversable defect,0
35.0,44.0,Male,Cleveland,non-anginal,130.0,233.0,FALSE,normal,179.0,TRUE,0.4,upsloping,0.0,normal,0
36.0,42.0,Male,Cleveland,asymptomatic,140.0,226.0,FALSE,normal,178.0,FALSE,0.0,upsloping,0.0,normal,0
37.0,43.0,Male,Cleveland,asymptomatic,120.0,177.0,FALSE,lv hypertrophy,120.0,TRUE,2.5,flat,0.0,reversable defect,3
38.0,57.0,Male,Cleveland,asymptomatic,150.0,276.0,FALSE,lv hypertrophy,112.0,TRUE,0.6,flat,1.0,fixed defect,1
39.0,55.0,Male,Cleveland,asymptomatic,132.0,353.0,FALSE,normal,132.0,TRUE,1.2,flat,1.0,reversable defect,3
40.0,61.0,Male,Cleveland,non-anginal,150.0,243.0,TRUE,normal,137.0,TRUE,1.0,flat,0.0,normal,0
41.0,65.0,Female,Cleveland,asymptomatic,150.0,225.0,FALSE,lv hypertrophy,114.0,FALSE,1.0,flat,3.0,reversable defect,4
42.0,40.0,Male,Cleveland,typical angina,140.0,199.0,FALSE,normal,178.0,TRUE,1.4,upsloping,0.0,reversable defect,0
43.0,71.0,Female,Cleveland,atypical angina,160.0,302.0,FALSE,normal,162.0,FALSE,0.4,upsloping,2.0,normal,0
44.0,59.0,Male,Cleveland,non-anginal,150.0,212.0,TRUE,normal,157.0,FALSE,1.6,upsloping,0.0,normal,0
45.0,61.0,Female,Cleveland,asymptomatic,130.0,330.0,FALSE,lv hypertrophy,169.0,FALSE,0.0,upsloping,0.0,normal,1
46.0,58.0,Male,Cleveland,non-anginal,112.0,230.0,FALSE,lv hypertrophy,165.0,FALSE,2.5,flat,1.0,reversable defect,4
47.0,51.0,Male,Cleveland,non-anginal,110.0,175.0,FALSE,normal,123.0,FALSE,0.6,upsloping,0.0,normal,0
48.0,50.0,Male,Cleveland,asymptomatic,150.0,243.0,FALSE,lv hypertrophy,128.0,FALSE,2.6,flat,0.0,reversable defect,4
49.0,65.0,Female,Cleveland,non-anginal,140.0,417.0,TRUE,lv hypertrophy,157.0,FALSE,0.8,upsloping,1.0,normal,0
50.0,53.0,Male,Cleveland,non-anginal,130.0,197.0,TRUE,lv hypertrophy,152.0,FALSE,1.2,downsloping,0.0,normal,0
51.0,41.0,Female,Cleveland,atypical angina,105.0,198.0,FALSE,normal,168.0,FALSE,0.0,upsloping,1.0,normal,0
52.0,65.0,Male,Cleveland,asymptomatic,120.0,177.0,FALSE,normal,140.0,FALSE,0.4,upsloping,0.0,reversable defect,0
53.0,44.0,Male,Cleveland,asymptomatic,112.0,290.0,FALSE,lv hypertrophy,153.0,FALSE,0.0,upsloping,1.0,normal,2
54.0,44.0,Male,Cleveland,atypical angina,130.0,219.0,FALSE,lv hypertrophy,188.0,FALSE,0.0,upsloping,0.0,normal,0
55.0,60.0,Male,Cleveland,asymptomatic,130.0,253.0,FALSE,normal,144.0,TRUE,1.4,upsloping,1.0,reversable defect,1
56.0,54.0,Male,Cleveland,asymptomatic,124.0,266.0,FALSE,lv hypertrophy,109.0,TRUE,2.2,flat,1.0,reversable defect,1
57.0,50.0,Male,Cleveland,non-anginal,140.0,233.0,FALSE,normal,163.0,FALSE,0.6,flat,1.0,reversable defect,1
58.0,41.0,Male,Cleveland,asymptomatic,110.0,172.0,FALSE,lv hypertrophy,158.0,FALSE,0.0,upsloping,0.0,reversable defect,1
59.0,54.0,Male,Cleveland,non-anginal,125.0,273.0,FALSE,lv hypertrophy,152.0,FALSE,0.5,downsloping,1.0,normal,0
60.0,51.0,Male,Cleveland,typical angina,125.0,213.0,FALSE,lv hypertrophy,125.0,TRUE,1.4,upsloping,1.0,normal,0
61.0,51.0,Female,Cleveland,asymptomatic,130.0,305.0,FALSE,normal,142.0,TRUE,1.2,flat,0.0,reversable defect,2
62.0,46.0,Female,Cleveland,non-anginal,142.0,177.0,FALSE,lv hypertrophy,160.0,TRUE,1.4,downsloping,0.0,normal,0
63.0,58.0,Male,Cleveland,asymptomatic,128.0,216.0,FALSE,lv hypertrophy,131.0,TRUE,2.2,flat,3.0,reversable defect,1
64.0,54.0,Female,Cleveland,non-anginal,135.0,304.0,TRUE,normal,170.0,FALSE,0.0,upsloping,0.0,normal,0
65.0,54.0,Male,Cleveland,asymptomatic,120.0,188.0,FALSE,normal,113.0,FALSE,1.4,flat,1.0,reversable defect,2
66.0,60.0,Male,Cleveland,asymptomatic,145.0,282.0,FALSE,lv hypertrophy,142.0,TRUE,2.8,flat,2.0,reversable defect,2
67.0,60.0,Male,Cleveland,non-anginal,140.0,185.0,FALSE,lv hypertrophy,155.0,FALSE,3.0,flat,0.0,normal,1
68.0,54.0,Male,Cleveland,non-anginal,150.0,232.0,FALSE,lv hypertrophy,165.0,FALSE,1.6,upsloping,0.0,reversable defect,0
69.0,59.0,Male,Cleveland,asymptomatic,170.0,326.0,FALSE,lv hypertrophy,140.0,TRUE,3.4,downsloping,0.0,reversable defect,2
70.0,46.0,Male,Cleveland,non-anginal,150.0,231.0,FALSE,normal,147.0,FALSE,3.6,flat,0.0,normal,1
71.0,65.0,Female,Cleveland,non-anginal,155.0,269.0,FALSE,normal,148.0,FALSE,0.8,upsloping,0.0,normal,0
72.0,67.0,Male,Cleveland,asymptomatic,125.0,254.0,TRUE,normal,163.0,FALSE,0.2,flat,2.0,reversable defect,3
73.0,62.0,Male,Cleveland,asymptomatic,120.0,267.0,FALSE,normal,99.0,TRUE,1.8,flat,2.0,reversable defect,1
74.0,65.0,Male,Cleveland,asymptomatic,110.0,248.0,FALSE,lv hypertrophy,158.0,FALSE,0.6,upsloping,2.0,fixed defect,1
75.0,44.0,Male,Cleveland,asymptomatic,110.0,197.0,FALSE,lv hypertrophy,177.0,FALSE,0.0,upsloping,1.0,normal,1
76.0,65.0,Female,Cleveland,non-anginal,160.0,360.0,FALSE,lv hypertrophy,151.0,FALSE,0.8,upsloping,0.0,normal,0
77.0,60.0,Male,Cleveland,asymptomatic,125.0,258.0,FALSE,lv hypertrophy,141.0,TRUE,2.8,flat,1.0,reversable defect,1
78.0,51.0,Female,Cleveland,non-anginal,140.0,308.0,FALSE,lv hypertrophy,142.0,FALSE,1.5,upsloping,1.0,normal,0
79.0,48.0,Male,Cleveland,atypical angina,130.0,245.0,FALSE,lv hypertrophy,180.0,FALSE,0.2,flat,0.0,normal,0
80.0,58.0,Male,Cleveland,asymptomatic,150.0,270.0,FALSE,lv hypertrophy,111.0,TRUE,0.8,upsloping,0.0,reversable defect,3
81.0,45.0,Male,Cleveland,asymptomatic,104.0,208.0,FALSE,lv hypertrophy,148.0,TRUE,3.0,flat,0.0,normal,0
82.0,53.0,Female,Cleveland,asymptomatic,130.0,264.0,FALSE,lv hypertrophy,143.0,FALSE,0.4,flat,0.0,normal,0
83.0,39.0,Male,Cleveland,non-anginal,140.0,321.0,FALSE,lv hypertrophy,182.0,FALSE,0.0,upsloping,0.0,normal,0
84.0,68.0,Male,Cleveland,non-anginal,180.0,274.0,TRUE,lv hypertrophy,150.0,TRUE,1.6,flat,0.0,reversable defect,3
85.0,52.0,Male,Cleveland,atypical angina,120.0,325.0,FALSE,normal,172.0,FALSE,0.2,upsloping,0.0,normal,0
86.0,44.0,Male,Cleveland,non-anginal,140.0,235.0,FALSE,lv hypertrophy,180.0,FALSE,0.0,upsloping,0.0,normal,0
87.0,47.0,Male,Cleveland,non-anginal,138.0,257.0,FALSE,lv hypertrophy,156.0,FALSE,0.0,upsloping,0.0,normal,0
88.0,53.0,Female,Cleveland,non-anginal,128.0,216.0,FALSE,lv hypertrophy,115.0,FALSE,0.0,upsloping,0.0,,0
89.0,53.0,Female,Cleveland,asymptomatic,138.0,234.0,FALSE,lv hypertrophy,160.0,FALSE,0.0,upsloping,0.0,normal,0
90.0,51.0,Female,Cleveland,non-anginal,130.0,256.0,FALSE,lv hypertrophy,149.0,FALSE,0.5,upsloping,0.0,normal,0
91.0,66.0,Male,Cleveland,asymptomatic,120.0,302.0,FALSE,lv hypertrophy,151.0,FALSE,0.4,flat,0.0,normal,0
92.0,62.0,Female,Cleveland,asymptomatic,160.0,164.0,FALSE,lv hypertrophy,145.0,FALSE,6.2,downsloping,3.0,reversable defect,3
93.0,62.0,Male,Cleveland,non-anginal,130.0,231.0,FALSE,normal,146.0,FALSE,1.8,flat,3.0,reversable defect,0
94.0,44.0,Female,Cleveland,non-anginal,108.0,141.0,FALSE,normal,175.0,FALSE,0.6,flat,0.0,normal,0
95.0,63.0,Female,Cleveland,non-anginal,135.0,252.0,FALSE,lv hypertrophy,172.0,FALSE,0.0,upsloping,0.0,normal,0
96.0,52.0,Male,Cleveland,asymptomatic,128.0,255.0,FALSE,normal,161.0,TRUE,0.0,upsloping,1.0,reversable defect,1
97.0,59.0,Male,Cleveland,asymptomatic,110.0,239.0,FALSE,lv hypertrophy,142.0,TRUE,1.2,flat,1.0,reversable defect,2
98.0,60.0,Female,Cleveland,asymptomatic,150.0,258.0,FALSE,lv hypertrophy,157.0,FALSE,2.6,flat,2.0,reversable defect,3
99.0,52.0,Male,Cleveland,atypical angina,134.0,201.0,FALSE,normal,158.0,FALSE,0.8,upsloping,1.0,normal,0
100.0,48.0,Male,Cleveland,asymptomatic,122.0,222.0,FALSE,lv hypertrophy,186.0,FALSE,0.0,upsloping,0.0,normal,0
101.0,45.0,Male,Cleveland,asymptomatic,115.0,260.0,FALSE,lv hypertrophy,185.0,FALSE,0.0,upsloping,0.0,normal,0
102.0,34.0,Male,Cleveland,typical angina,118.0,182.0,FALSE,lv hypertrophy,174.0,FALSE,0.0,upsloping,0.0,normal,0
103.0,57.0,Female,Cleveland,asymptomatic,128.0,303.0,FALSE,lv hypertrophy,159.0,FALSE,0.0,upsloping,1.0,normal,0
104.0,71.0,Female,Cleveland,non-anginal,110.0,265.0,TRUE,lv hypertrophy,130.0,FALSE,0.0,upsloping,1.0,normal,0
105.0,49.0,Male,Cleveland,non-anginal,120.0,188.0,FALSE,normal,139.0,FALSE,2.0,flat,3.0,reversable defect,3
106.0,54.0,Male,Cleveland,atypical angina,108.0,309.0,FALSE,normal,156.0,FALSE,0.0,upsloping,0.0,reversable defect,0
107.0,59.0,Male,Cleveland,asymptomatic,140.0,177.0,FALSE,normal,162.0,TRUE,0.0,upsloping,1.0,reversable defect,2
108.0,57.0,Male,Cleveland,non-anginal,128.0,229.0,FALSE,lv hypertrophy,150.0,FALSE,0.4,flat,1.0,reversable defect,1
109.0,61.0,Male,Cleveland,asymptomatic,120.0,260.0,FALSE,normal,140.0,TRUE,3.6,flat,1.0,reversable defect,2
110.0,39.0,Male,Cleveland,asymptomatic,118.0,219.0,FALSE,normal,140.0,FALSE,1.2,flat,0.0,reversable defect,3
111.0,61.0,Female,Cleveland,asymptomatic,145.0,307.0,FALSE,lv hypertrophy,146.0,TRUE,1.0,flat,0.0,reversable defect,1
112.0,56.0,Male,Cleveland,asymptomatic,125.0,249.0,TRUE,lv hypertrophy,144.0,TRUE,1.2,flat,1.0,normal,1
113.0,52.0,Male,Cleveland,typical angina,118.0,186.0,FALSE,lv hypertrophy,190.0,FALSE,0.0,flat,0.0,fixed defect,0
114.0,43.0,Female,Cleveland,asymptomatic,132.0,341.0,TRUE,lv hypertrophy,136.0,TRUE,3.0,flat,0.0,reversable defect,2
115.0,62.0,Female,Cleveland,non-anginal,130.0,263.0,FALSE,normal,97.0,FALSE,1.2,flat,1.0,reversable defect,2
116.0,41.0,Male,Cleveland,atypical angina,135.0,203.0,FALSE,normal,132.0,FALSE,0.0,flat,0.0,fixed defect,0
117.0,58.0,Male,Cleveland,non-anginal,140.0,211.0,TRUE,lv hypertrophy,165.0,FALSE,0.0,upsloping,0.0,normal,0
118.0,35.0,Female,Cleveland,asymptomatic,138.0,183.0,FALSE,normal,182.0,FALSE,1.4,upsloping,0.0,normal,0
119.0,63.0,Male,Cleveland,asymptomatic,130.0,330.0,TRUE,lv hypertrophy,132.0,TRUE,1.8,upsloping,3.0,reversable defect,3
120.0,65.0,Male,Cleveland,asymptomatic,135.0,254.0,FALSE,lv hypertrophy,127.0,FALSE,2.8,flat,1.0,reversable defect,2
121.0,48.0,Male,Cleveland,asymptomatic,130.0,256.0,TRUE,lv hypertrophy,150.0,TRUE,0.0,upsloping,2.0,reversable defect,3
122.0,63.0,Female,Cleveland,asymptomatic,150.0,407.0,FALSE,lv hypertrophy,154.0,FALSE,4.0,flat,3.0,reversable defect,4
123.0,51.0,Male,Cleveland,non-anginal,100.0,222.0,FALSE,normal,143.0,TRUE,1.2,flat,0.0,normal,0
124.0,55.0,Male,Cleveland,asymptomatic,140.0,217.0,FALSE,normal,111.0,TRUE,5.6,downsloping,0.0,reversable defect,3
125.0,65.0,Male,Cleveland,typical angina,138.0,282.0,TRUE,lv hypertrophy,174.0,FALSE,1.4,flat,1.0,normal,1
126.0,45.0,Female,Cleveland,atypical angina,130.0,234.0,FALSE,lv hypertrophy,175.0,FALSE,0.6,flat,0.0,normal,0
127.0,56.0,Female,Cleveland,asymptomatic,200.0,288.0,TRUE,lv hypertrophy,133.0,TRUE,4.0,downsloping,2.0,reversable defect,3
128.0,54.0,Male,Cleveland,asymptomatic,110.0,239.0,FALSE,normal,126.0,TRUE,2.8,flat,1.0,reversable defect,3
129.0,44.0,Male,Cleveland,atypical angina,120.0,220.0,FALSE,normal,170.0,FALSE,0.0,upsloping,0.0,normal,0
130.0,62.0,Female,Cleveland,asymptomatic,124.0,209.0,FALSE,normal,163.0,FALSE,0.0,upsloping,0.0,normal,0
131.0,54.0,Male,Cleveland,non-anginal,120.0,258.0,FALSE,lv hypertrophy,147.0,FALSE,0.4,flat,0.0,reversable defect,0
132.0,51.0,Male,Cleveland,non-anginal,94.0,227.0,FALSE,normal,154.0,TRUE,0.0,upsloping,1.0,reversable defect,0
133.0,29.0,Male,Cleveland,atypical angina,130.0,204.0,FALSE,lv hypertrophy,202.0,FALSE,0.0,upsloping,0.0,normal,0
134.0,51.0,Male,Cleveland,asymptomatic,140.0,261.0,FALSE,lv hypertrophy,186.0,TRUE,0.0,upsloping,0.0,normal,0
135.0,43.0,Female,Cleveland,non-anginal,122.0,213.0,FALSE,normal,165.0,FALSE,0.2,flat,0.0,normal,0
136.0,55.0,Female,Cleveland,atypical angina,135.0,250.0,FALSE,lv hypertrophy,161.0,FALSE,1.4,flat,0.0,normal,0
137.0,70.0,Male,Cleveland,asymptomatic,145.0,174.0,FALSE,normal,125.0,TRUE,2.6,downsloping,0.0,reversable defect,4
138.0,62.0,Male,Cleveland,atypical angina,120.0,281.0,FALSE,lv hypertrophy,103.0,FALSE,1.4,flat,1.0,reversable defect,3
139.0,35.0,Male,Cleveland,asymptomatic,120.0,198.0,FALSE,normal,130.0,TRUE,1.6,flat,0.0,reversable defect,1
140.0,51.0,Male,Cleveland,non-anginal,125.0,245.0,TRUE,lv hypertrophy,166.0,FALSE,2.4,flat,0.0,normal,0
141.0,59.0,Male,Cleveland,atypical angina,140.0,221.0,FALSE,normal,164.0,TRUE,0.0,upsloping,0.0,normal,0
142.0,59.0,Male,Cleveland,typical angina,170.0,288.0,FALSE,lv hypertrophy,159.0,FALSE,0.2,flat,0.0,reversable defect,1
143.0,52.0,Male,Cleveland,atypical angina,128.0,205.0,TRUE,normal,184.0,FALSE,0.0,upsloping,0.0,normal,0
144.0,64.0,Male,Cleveland,non-anginal,125.0,309.0,FALSE,normal,131.0,TRUE,1.8,flat,0.0,reversable defect,1
145.0,58.0,Male,Cleveland,non-anginal,105.0,240.0,FALSE,lv hypertrophy,154.0,TRUE,0.6,flat,0.0,reversable defect,0
146.0,47.0,Male,Cleveland,non-anginal,108.0,243.0,FALSE,normal,152.0,FALSE,0.0,upsloping,0.0,normal,1
147.0,57.0,Male,Cleveland,asymptomatic,165.0,289.0,TRUE,lv hypertrophy,124.0,FALSE,1.0,flat,3.0,reversable defect,4
148.0,41.0,Male,Cleveland,non-anginal,112.0,250.0,FALSE,normal,179.0,FALSE,0.0,upsloping,0.0,normal,0
149.0,45.0,Male,Cleveland,atypical angina,128.0,308.0,FALSE,lv hypertrophy,170.0,FALSE,0.0,upsloping,0.0,normal,0
150.0,60.0,Female,Cleveland,non-anginal,102.0,318.0,FALSE,normal,160.0,FALSE,0.0,upsloping,1.0,normal,0
151.0,52.0,Male,Cleveland,typical angina,152.0,298.0,TRUE,normal,178.0,FALSE,1.2,flat,0.0,reversable defect,0
152.0,42.0,Female,Cleveland,asymptomatic,102.0,265.0,FALSE,lv hypertrophy,122.0,FALSE,0.6,flat,0.0,normal,0
153.0,67.0,Female,Cleveland,non-anginal,115.0,564.0,FALSE,lv hypertrophy,160.0,FALSE,1.6,flat,0.0,reversable defect,0
154.0,55.0,Male,Cleveland,asymptomatic,160.0,289.0,FALSE,lv hypertrophy,145.0,TRUE,0.8,flat,1.0,reversable defect,4
155.0,64.0,Male,Cleveland,asymptomatic,120.0,246.0,FALSE,lv hypertrophy,96.0,TRUE,2.2,downsloping,1.0,normal,3
156.0,70.0,Male,Cleveland,asymptomatic,130.0,322.0,FALSE,lv hypertrophy,109.0,FALSE,2.4,flat,3.0,normal,1
157.0,51.0,Male,Cleveland,asymptomatic,140.0,299.0,FALSE,normal,173.0,TRUE,1.6,upsloping,0.0,reversable defect,1
158.0,58.0,Male,Cleveland,asymptomatic,125.0,300.0,FALSE,lv hypertrophy,171.0,FALSE,0.0,upsloping,2.0,reversable defect,1
159.0,60.0,Male,Cleveland,asymptomatic,140.0,293.0,FALSE,lv hypertrophy,170.0,FALSE,1.2,flat,2.0,reversable defect,2
160.0,68.0,Male,Cleveland,non-anginal,118.0,277.0,FALSE,normal,151.0,FALSE,1.0,upsloping,1.0,reversable defect,0
161.0,46.0,Male,Cleveland,atypical angina,101.0,197.0,TRUE,normal,156.0,FALSE,0.0,upsloping,0.0,reversable defect,0
162.0,77.0,Male,Cleveland,asymptomatic,125.0,304.0,FALSE,lv hypertrophy,162.0,TRUE,0.0,upsloping,3.0,normal,4
163.0,54.0,Female,Cleveland,non-anginal,110.0,214.0,FALSE,normal,158.0,FALSE,1.6,flat,0.0,normal,0
164.0,58.0,Female,Cleveland,asymptomatic,100.0,248.0,FALSE,lv hypertrophy,122.0,FALSE,1.0,flat,0.0,normal,0
165.0,48.0,Male,Cleveland,non-anginal,124.0,255.0,TRUE,normal,175.0,FALSE,0.0,upsloping,2.0,normal,0
166.0,57.0,Male,Cleveland,asymptomatic,132.0,207.0,FALSE,normal,168.0,TRUE,0.0,upsloping,0.0,reversable defect,0
167.0,52.0,Male,Cleveland,non-anginal,138.0,223.0,FALSE,normal,169.0,FALSE,0.0,upsloping,,normal,0
168.0,54.0,Female,Cleveland,atypical angina,132.0,288.0,TRUE,lv hypertrophy,159.0,TRUE,0.0,upsloping,1.0,normal,0
169.0,35.0,Male,Cleveland,asymptomatic,126.0,282.0,FALSE,lv hypertrophy,156.0,TRUE,0.0,upsloping,0.0,reversable defect,1
170.0,45.0,Female,Cleveland,atypical angina,112.0,160.0,FALSE,normal,138.0,FALSE,0.0,flat,0.0,normal,0
171.0,70.0,Male,Cleveland,non-anginal,160.0,269.0,FALSE,normal,112.0,TRUE,2.9,flat,1.0,reversable defect,3
172.0,53.0,Male,Cleveland,asymptomatic,142.0,226.0,FALSE,lv hypertrophy,111.0,TRUE,0.0,upsloping,0.0,reversable defect,0
173.0,59.0,Female,Cleveland,asymptomatic,174.0,249.0,FALSE,normal,143.0,TRUE,0.0,flat,0.0,normal,1
174.0,62.0,Female,Cleveland,asymptomatic,140.0,394.0,FALSE,lv hypertrophy,157.0,FALSE,1.2,flat,0.0,normal,0
175.0,64.0,Male,Cleveland,asymptomatic,145.0,212.0,FALSE,lv hypertrophy,132.0,FALSE,2.0,flat,2.0,fixed defect,4
176.0,57.0,Male,Cleveland,asymptomatic,152.0,274.0,FALSE,normal,88.0,TRUE,1.2,flat,1.0,reversable defect,1
177.0,52.0,Male,Cleveland,asymptomatic,108.0,233.0,TRUE,normal,147.0,FALSE,0.1,upsloping,3.0,reversable defect,0
178.0,56.0,Male,Cleveland,asymptomatic,132.0,184.0,FALSE,lv hypertrophy,105.0,TRUE,2.1,flat,1.0,fixed defect,1
179.0,43.0,Male,Cleveland,non-anginal,130.0,315.0,FALSE,normal,162.0,FALSE,1.9,upsloping,1.0,normal,0
180.0,53.0,Male,Cleveland,non-anginal,130.0,246.0,TRUE,lv hypertrophy,173.0,FALSE,0.0,upsloping,3.0,normal,0
181.0,48.0,Male,Cleveland,asymptomatic,124.0,274.0,FALSE,lv hypertrophy,166.0,FALSE,0.5,flat,0.0,reversable defect,3
182.0,56.0,Female,Cleveland,asymptomatic,134.0,409.0,FALSE,lv hypertrophy,150.0,TRUE,1.9,flat,2.0,reversable defect,2
183.0,42.0,Male,Cleveland,typical angina,148.0,244.0,FALSE,lv hypertrophy,178.0,FALSE,0.8,upsloping,2.0,normal,0
184.0,59.0,Male,Cleveland,typical angina,178.0,270.0,FALSE,lv hypertrophy,145.0,FALSE,4.2,downsloping,0.0,reversable defect,0
185.0,60.0,Female,Cleveland,asymptomatic,158.0,305.0,FALSE,lv hypertrophy,161.0,FALSE,0.0,upsloping,0.0,normal,1
186.0,63.0,Female,Cleveland,atypical angina,140.0,195.0,FALSE,normal,179.0,FALSE,0.0,upsloping,2.0,normal,0
187.0,42.0,Male,Cleveland,non-anginal,120.0,240.0,TRUE,normal,194.0,FALSE,0.8,downsloping,0.0,reversable defect,0
188.0,66.0,Male,Cleveland,atypical angina,160.0,246.0,FALSE,normal,120.0,TRUE,0.0,flat,3.0,fixed defect,2
189.0,54.0,Male,Cleveland,atypical angina,192.0,283.0,FALSE,lv hypertrophy,195.0,FALSE,0.0,upsloping,1.0,reversable defect,1
190.0,69.0,Male,Cleveland,non-anginal,140.0,254.0,FALSE,lv hypertrophy,146.0,FALSE,2.0,flat,3.0,reversable defect,2
191.0,50.0,Male,Cleveland,non-anginal,129.0,196.0,FALSE,normal,163.0,FALSE,0.0,upsloping,0.0,normal,0
192.0,51.0,Male,Cleveland,asymptomatic,140.0,298.0,FALSE,normal,122.0,TRUE,4.2,flat,3.0,reversable defect,3
193.0,43.0,Male,Cleveland,asymptomatic,132.0,247.0,TRUE,lv hypertrophy,143.0,TRUE,0.1,flat,,reversable defect,1
194.0,62.0,Female,Cleveland,asymptomatic,138.0,294.0,TRUE,normal,106.0,FALSE,1.9,flat,3.0,normal,2
195.0,68.0,Female,Cleveland,non-anginal,120.0,211.0,FALSE,lv hypertrophy,115.0,FALSE,1.5,flat,0.0,normal,0
196.0,67.0,Male,Cleveland,asymptomatic,100.0,299.0,FALSE,lv hypertrophy,125.0,TRUE,0.9,flat,2.0,normal,3
197.0,69.0,Male,Cleveland,typical angina,160.0,234.0,TRUE,lv hypertrophy,131.0,FALSE,0.1,flat,1.0,normal,0
198.0,45.0,Female,Cleveland,asymptomatic,138.0,236.0,FALSE,lv hypertrophy,152.0,TRUE,0.2,flat,0.0,normal,0
199.0,50.0,Female,Cleveland,atypical angina,120.0,244.0,FALSE,normal,162.0,FALSE,1.1,upsloping,0.0,normal,0
200.0,59.0,Male,Cleveland,typical angina,160.0,273.0,FALSE,lv hypertrophy,125.0,FALSE,0.0,upsloping,0.0,normal,1
201.0,50.0,Female,Cleveland,asymptomatic,110.0,254.0,FALSE,lv hypertrophy,159.0,FALSE,0.0,upsloping,0.0,normal,0
202.0,64.0,Female,Cleveland,asymptomatic,180.0,325.0,FALSE,normal,154.0,TRUE,0.0,upsloping,0.0,normal,0
203.0,57.0,Male,Cleveland,non-anginal,150.0,126.0,TRUE,normal,173.0,FALSE,0.2,upsloping,1.0,reversable defect,0
204.0,64.0,Female,Cleveland,non-anginal,140.0,313.0,FALSE,normal,133.0,FALSE,0.2,upsloping,0.0,reversable defect,0
205.0,43.0,Male,Cleveland,asymptomatic,110.0,211.0,FALSE,normal,161.0,FALSE,0.0,upsloping,0.0,reversable defect,0
206.0,45.0,Male,Cleveland,asymptomatic,142.0,309.0,FALSE,lv hypertrophy,147.0,TRUE,0.0,flat,3.0,reversable defect,3
207.0,58.0,Male,Cleveland,asymptomatic,128.0,259.0,FALSE,lv hypertrophy,130.0,TRUE,3.0,flat,2.0,reversable defect,3
208.0,50.0,Male,Cleveland,asymptomatic,144.0,200.0,FALSE,lv hypertrophy,126.0,TRUE,0.9,flat,0.0,reversable defect,3
209.0,55.0,Male,Cleveland,atypical angina,130.0,262.0,FALSE,normal,155.0,FALSE,0.0,upsloping,0.0,normal,0
210.0,62.0,Female,Cleveland,asymptomatic,150.0,244.0,FALSE,normal,154.0,TRUE,1.4,flat,0.0,normal,1
211.0,37.0,Female,Cleveland,non-anginal,120.0,215.0,FALSE,normal,170.0,FALSE,0.0,upsloping,0.0,normal,0
212.0,38.0,Male,Cleveland,typical angina,120.0,231.0,FALSE,normal,182.0,TRUE,3.8,flat,0.0,reversable defect,4
213.0,41.0,Male,Cleveland,non-anginal,130.0,214.0,FALSE,lv hypertrophy,168.0,FALSE,2.0,flat,0.0,normal,0
214.0,66.0,Female,Cleveland,asymptomatic,178.0,228.0,TRUE,normal,165.0,TRUE,1.0,flat,2.0,reversable defect,3
215.0,52.0,Male,Cleveland,asymptomatic,112.0,230.0,FALSE,normal,160.0,FALSE,0.0,upsloping,1.0,normal,1
216.0,56.0,Male,Cleveland,typical angina,120.0,193.0,FALSE,lv hypertrophy,162.0,FALSE,1.9,flat,0.0,reversable defect,0
217.0,46.0,Female,Cleveland,atypical angina,105.0,204.0,FALSE,normal,172.0,FALSE,0.0,upsloping,0.0,normal,0
218.0,46.0,Female,Cleveland,asymptomatic,138.0,243.0,FALSE,lv hypertrophy,152.0,TRUE,0.0,flat,0.0,normal,0
219.0,64.0,Female,Cleveland,asymptomatic,130.0,303.0,FALSE,normal,122.0,FALSE,2.0,flat,2.0,normal,0
220.0,59.0,Male,Cleveland,asymptomatic,138.0,271.0,FALSE,lv hypertrophy,182.0,FALSE,0.0,upsloping,0.0,normal,0
221.0,41.0,Female,Cleveland,non-anginal,112.0,268.0,FALSE,lv hypertrophy,172.0,TRUE,0.0,upsloping,0.0,normal,0
222.0,54.0,Female,Cleveland,non-anginal,108.0,267.0,FALSE,lv hypertrophy,167.0,FALSE,0.0,upsloping,0.0,normal,0
223.0,39.0,Female,Cleveland,non-anginal,94.0,199.0,FALSE,normal,179.0,FALSE,0.0,upsloping,0.0,normal,0
224.0,53.0,Male,Cleveland,asymptomatic,123.0,282.0,FALSE,normal,95.0,TRUE,2.0,flat,2.0,reversable defect,3
225.0,63.0,Female,Cleveland,asymptomatic,108.0,269.0,FALSE,normal,169.0,TRUE,1.8,flat,2.0,normal,1
226.0,34.0,Female,Cleveland,atypical angina,118.0,210.0,FALSE,normal,192.0,FALSE,0.7,upsloping,0.0,normal,0
227.0,47.0,Male,Cleveland,asymptomatic,112.0,204.0,FALSE,normal,143.0,FALSE,0.1,upsloping,0.0,normal,0
228.0,67.0,Female,Cleveland,non-anginal,152.0,277.0,FALSE,normal,172.0,FALSE,0.0,upsloping,1.0,normal,0
229.0,54.0,Male,Cleveland,asymptomatic,110.0,206.0,FALSE,lv hypertrophy,108.0,TRUE,0.0,flat,1.0,normal,3
230.0,66.0,Male,Cleveland,asymptomatic,112.0,212.0,FALSE,lv hypertrophy,132.0,TRUE,0.1,upsloping,1.0,normal,2
231.0,52.0,Female,Cleveland,non-anginal,136.0,196.0,FALSE,lv hypertrophy,169.0,FALSE,0.1,flat,0.0,normal,0
232.0,55.0,Female,Cleveland,asymptomatic,180.0,327.0,FALSE,st-t abnormality,117.0,TRUE,3.4,flat,0.0,normal,2
233.0,49.0,Male,Cleveland,non-anginal,118.0,149.0,FALSE,lv hypertrophy,126.0,FALSE,0.8,upsloping,3.0,normal,1
234.0,74.0,Female,Cleveland,atypical angina,120.0,269.0,FALSE,lv hypertrophy,121.0,TRUE,0.2,upsloping,1.0,normal,0
235.0,54.0,Female,Cleveland,non-anginal,160.0,201.0,FALSE,normal,163.0,FALSE,0.0,upsloping,1.0,normal,0
236.0,54.0,Male,Cleveland,asymptomatic,122.0,286.0,FALSE,lv hypertrophy,116.0,TRUE,3.2,flat,2.0,normal,3
237.0,56.0,Male,Cleveland,asymptomatic,130.0,283.0,TRUE,lv hypertrophy,103.0,TRUE,1.6,downsloping,0.0,reversable defect,2
238.0,46.0,Male,Cleveland,asymptomatic,120.0,249.0,FALSE,lv hypertrophy,144.0,FALSE,0.8,upsloping,0.0,reversable defect,1
239.0,49.0,Female,Cleveland,atypical angina,134.0,271.0,FALSE,normal,162.0,FALSE,0.0,flat,0.0,normal,0
240.0,42.0,Male,Cleveland,atypical angina,120.0,295.0,FALSE,normal,162.0,FALSE,0.0,upsloping,0.0,normal,0
241.0,41.0,Male,Cleveland,atypical angina,110.0,235.0,FALSE,normal,153.0,FALSE,0.0,upsloping,0.0,normal,0
242.0,41.0,Female,Cleveland,atypical angina,126.0,306.0,FALSE,normal,163.0,FALSE,0.0,upsloping,0.0,normal,0
243.0,49.0,Female,Cleveland,asymptomatic,130.0,269.0,FALSE,normal,163.0,FALSE,0.0,upsloping,0.0,normal,0
244.0,61.0,Male,Cleveland,typical angina,134.0,234.0,FALSE,normal,145.0,FALSE,2.6,flat,2.0,normal,2
245.0,60.0,Female,Cleveland,non-anginal,120.0,178.0,TRUE,normal,96.0,FALSE,0.0,upsloping,0.0,normal,0
246.0,67.0,Male,Cleveland,asymptomatic,120.0,237.0,FALSE,normal,71.0,FALSE,1.0,flat,0.0,normal,2
247.0,58.0,Male,Cleveland,asymptomatic,100.0,234.0,FALSE,normal,156.0,FALSE,0.1,upsloping,1.0,reversable defect,2
248.0,47.0,Male,Cleveland,asymptomatic,110.0,275.0,FALSE,lv hypertrophy,118.0,TRUE,1.0,flat,1.0,normal,1
249.0,52.0,Male,Cleveland,asymptomatic,125.0,212.0,FALSE,normal,168.0,FALSE,1.0,upsloping,2.0,reversable defect,3
250.0,62.0,Male,Cleveland,atypical angina,128.0,208.0,TRUE,lv hypertrophy,140.0,FALSE,0.0,upsloping,0.0,normal,0
251.0,57.0,Male,Cleveland,asymptomatic,110.0,201.0,FALSE,normal,126.0,TRUE,1.5,flat,0.0,fixed defect,0
252.0,58.0,Male,Cleveland,asymptomatic,146.0,218.0,FALSE,normal,105.0,FALSE,2.0,flat,1.0,reversable defect,1
253.0,64.0,Male,Cleveland,asymptomatic,128.0,263.0,FALSE,normal,105.0,TRUE,0.2,flat,1.0,reversable defect,0
254.0,51.0,Female,Cleveland,non-anginal,120.0,295.0,FALSE,lv hypertrophy,157.0,FALSE,0.6,upsloping,0.0,normal,0
255.0,43.0,Male,Cleveland,asymptomatic,115.0,303.0,FALSE,normal,181.0,FALSE,1.2,flat,0.0,normal,0
256.0,42.0,Female,Cleveland,non-anginal,120.0,209.0,FALSE,normal,173.0,FALSE,0.0,flat,0.0,normal,0
257.0,67.0,Female,Cleveland,asymptomatic,106.0,223.0,FALSE,normal,142.0,FALSE,0.3,upsloping,2.0,normal,0
258.0,76.0,Female,Cleveland,non-anginal,140.0,197.0,FALSE,st-t abnormality,116.0,FALSE,1.1,flat,0.0,normal,0
259.0,70.0,Male,Cleveland,atypical angina,156.0,245.0,FALSE,lv hypertrophy,143.0,FALSE,0.0,upsloping,0.0,normal,0
260.0,57.0,Male,Cleveland,atypical angina,124.0,261.0,FALSE,normal,141.0,FALSE,0.3,upsloping,0.0,reversable defect,1
261.0,44.0,Female,Cleveland,non-anginal,118.0,242.0,FALSE,normal,149.0,FALSE,0.3,flat,1.0,normal,0
262.0,58.0,Female,Cleveland,atypical angina,136.0,319.0,TRUE,lv hypertrophy,152.0,FALSE,0.0,upsloping,2.0,normal,3
263.0,60.0,Female,Cleveland,typical angina,150.0,240.0,FALSE,normal,171.0,FALSE,0.9,upsloping,0.0,normal,0
264.0,44.0,Male,Cleveland,non-anginal,120.0,226.0,FALSE,normal,169.0,FALSE,0.0,upsloping,0.0,normal,0
265.0,61.0,Male,Cleveland,asymptomatic,138.0,166.0,FALSE,lv hypertrophy,125.0,TRUE,3.6,flat,1.0,normal,4
266.0,42.0,Male,Cleveland,asymptomatic,136.0,315.0,FALSE,normal,125.0,TRUE,1.8,flat,0.0,fixed defect,2
267.0,52.0,Male,Cleveland,asymptomatic,128.0,204.0,TRUE,normal,156.0,TRUE,1.0,flat,0.0,,2
268.0,59.0,Male,Cleveland,non-anginal,126.0,218.0,TRUE,normal,134.0,FALSE,2.2,flat,1.0,fixed defect,2
269.0,40.0,Male,Cleveland,asymptomatic,152.0,223.0,FALSE,normal,181.0,FALSE,0.0,upsloping,0.0,reversable defect,1
270.0,42.0,Male,Cleveland,non-anginal,130.0,180.0,FALSE,normal,150.0,FALSE,0.0,upsloping,0.0,normal,0
271.0,61.0,Male,Cleveland,asymptomatic,140.0,207.0,FALSE,lv hypertrophy,138.0,TRUE,1.9,upsloping,1.0,reversable defect,1
272.0,66.0,Male,Cleveland,asymptomatic,160.0,228.0,FALSE,lv hypertrophy,138.0,FALSE,2.3,upsloping,0.0,fixed defect,0
273.0,46.0,Male,Cleveland,asymptomatic,140.0,311.0,FALSE,normal,120.0,TRUE,1.8,flat,2.0,reversable defect,2
274.0,71.0,Female,Cleveland,asymptomatic,112.0,149.0,FALSE,normal,125.0,FALSE,1.6,flat,0.0,normal,0
275.0,59.0,Male,Cleveland,typical angina,134.0,204.0,FALSE,normal,162.0,FALSE,0.8,upsloping,2.0,normal,1
276.0,64.0,Male,Cleveland,typical angina,170.0,227.0,FALSE,lv hypertrophy,155.0,FALSE,0.6,flat,0.0,reversable defect,0
277.0,66.0,Female,Cleveland,non-anginal,146.0,278.0,FALSE,lv hypertrophy,152.0,FALSE,0.0,flat,1.0,normal,0
278.0,39.0,Female,Cleveland,non-anginal,138.0,220.0,FALSE,normal,152.0,FALSE,0.0,flat,0.0,normal,0
279.0,57.0,Male,Cleveland,atypical angina,154.0,232.0,FALSE,lv hypertrophy,164.0,FALSE,0.0,upsloping,1.0,normal,1
280.0,58.0,Female,Cleveland,asymptomatic,130.0,197.0,FALSE,normal,131.0,FALSE,0.6,flat,0.0,normal,0
281.0,57.0,Male,Cleveland,asymptomatic,110.0,335.0,FALSE,normal,143.0,TRUE,3.0,flat,1.0,reversable defect,2
282.0,47.0,Male,Cleveland,non-anginal,130.0,253.0,FALSE,normal,179.0,FALSE,0.0,upsloping,0.0,normal,0
283.0,55.0,Female,Cleveland,asymptomatic,128.0,205.0,FALSE,st-t abnormality,130.0,TRUE,2.0,flat,1.0,reversable defect,3
284.0,35.0,Male,Cleveland,atypical angina,122.0,192.0,FALSE,normal,174.0,FALSE,0.0,upsloping,0.0,normal,0
285.0,61.0,Male,Cleveland,asymptomatic,148.0,203.0,FALSE,normal,161.0,FALSE,0.0,upsloping,1.0,reversable defect,2
286.0,58.0,Male,Cleveland,asymptomatic,114.0,318.0,FALSE,st-t abnormality,140.0,FALSE,4.4,downsloping,3.0,fixed defect,4
287.0,58.0,Female,Cleveland,asymptomatic,170.0,225.0,TRUE,lv hypertrophy,146.0,TRUE,2.8,flat,2.0,fixed defect,2
288.0,58.0,Male,Cleveland,atypical angina,125.0,220.0,FALSE,normal,144.0,FALSE,0.4,flat,,reversable defect,0
289.0,56.0,Male,Cleveland,atypical angina,130.0,221.0,FALSE,lv hypertrophy,163.0,FALSE,0.0,upsloping,0.0,reversable defect,0
290.0,56.0,Male,Cleveland,atypical angina,120.0,240.0,FALSE,normal,169.0,FALSE,0.0,downsloping,0.0,normal,0
291.0,67.0,Male,Cleveland,non-anginal,152.0,212.0,FALSE,lv hypertrophy,150.0,FALSE,0.8,flat,0.0,reversable defect,1
292.0,55.0,Female,Cleveland,atypical angina,132.0,342.0,FALSE,normal,166.0,FALSE,1.2,upsloping,0.0,normal,0
293.0,44.0,Male,Cleveland,asymptomatic,120.0,169.0,FALSE,normal,144.0,TRUE,2.8,downsloping,0.0,fixed defect,2
294.0,63.0,Male,Cleveland,asymptomatic,140.0,187.0,FALSE,lv hypertrophy,144.0,TRUE,4.0,upsloping,2.0,reversable defect,2
295.0,63.0,Female,Cleveland,asymptomatic,124.0,197.0,FALSE,normal,136.0,TRUE,0.0,flat,0.0,normal,1
296.0,41.0,Male,Cleveland,atypical angina,120.0,157.0,FALSE,normal,182.0,FALSE,0.0,upsloping,0.0,normal,0
297.0,59.0,Male,Cleveland,asymptomatic,164.0,176.0,TRUE,lv hypertrophy,90.0,FALSE,1.0,flat,2.0,fixed defect,3
298.0,57.0,Female,Cleveland,asymptomatic,140.0,241.0,FALSE,normal,123.0,TRUE,0.2,flat,0.0,reversable defect,1
299.0,45.0,Male,Cleveland,typical angina,110.0,264.0,FALSE,normal,132.0,FALSE,1.2,flat,0.0,reversable defect,1
300.0,68.0,Male,Cleveland,asymptomatic,144.0,193.0,TRUE,normal,141.0,FALSE,3.4,flat,2.0,reversable defect,2
301.0,57.0,Male,Cleveland,asymptomatic,130.0,131.0,FALSE,normal,115.0,TRUE,1.2,flat,1.0,reversable defect,3
302.0,57.0,Female,Cleveland,atypical angina,130.0,236.0,FALSE,lv hypertrophy,174.0,FALSE,0.0,flat,1.0,normal,1
303.0,38.0,Male,Cleveland,non-anginal,138.0,175.0,FALSE,normal,173.0,FALSE,0.0,upsloping,,normal,0
304.0,28.0,Male,Cleveland,atypical angina,130.0,132.0,FALSE,lv hypertrophy,185.0,FALSE,0.0,,,,0
