id,age,sex,dataset,cp,trestbps,chol,fbs,restecg,thalch,exang,oldpeak,slope,ca,thal,num
721.0,63.0,Male,VA Long Beach,asymptomatic,140.0,260.0,FALSE,st-t abnormality,112.0,TRUE,3.0,flat,,,2
722.0,44.0,Male,VA Long Beach,asymptomatic,130.0,209.0,FALSE,st-t abnormality,127.0,FALSE,0.0,,,,0
723.0,60.0,Male,VA Long Beach,asymptomatic,132.0,218.0,FALSE,st-t abnormality,140.0,TRUE,1.5,downsloping,,,2
724.0,55.0,Male,VA Long Beach,asymptomatic,142.0,228.0,FALSE,st-t abnormality,149.0,TRUE,2.5,upsloping,,,1
725.0,66.0,Male,VA Long Beach,non-anginal,110.0,213.0,TRUE,lv hypertrophy,99.0,TRUE,1.3,flat,,,0
726.0,66.0,Male,VA Long Beach,non-anginal,120.0,0.0,FALSE,st-t abnormality,120.0,FALSE,-0.5,upsloping,,,0
727.0,65.0,Male,VA Long Beach,asymptomatic,150.0,236.0,TRUE,st-t abnormality,105.0,TRUE,0.0,,,,3
728.0,60.0,Male,VA Long Beach,non-anginal,180.0,0.0,FALSE,st-t abnormality,140.0,TRUE,1.5,flat,,,0
729.0,60.0,Male,VA Long Beach,non-anginal,120.0,0.0,,normal,141.0,TRUE,2.0,upsloping,,,3
730.0,60.0,Male,VA Long Beach,atypical angina,160.0,267.0,TRUE,st-t abnormality,157.0,FALSE,0.5,flat,,,1
731.0,56.0,Male,VA Long Beach,atypical angina,126.0,166.0,FALSE,st-t abnormality,140.0,FALSE,0.0,,,,0
732.0,59.0,Male,VA Long Beach,asymptomatic,140.0,0.0,FALSE,st-t abnormality,117.0,TRUE,1.0,flat,,,1
733.0,62.0,Male,VA Long Beach,asymptomatic,110.0,0.0,FALSE,normal,120.0,TRUE,0.5,flat,,normal,1
734.0,63.0,Male,VA Long Beach,non-anginal,,0.0,FALSE,lv hypertrophy,,,,,,,1
735.0,57.0,Male,VA Long Beach,asymptomatic,128.0,0.0,TRUE,st-t abnormality,148.0,TRUE,1.0,flat,,,1
736.0,62.0,Male,VA Long Beach,asymptomatic,120.0,220.0,FALSE,st-t abnormality,86.0,FALSE,0.0,,,,0
737.0,63.0,Male,VA Long Beach,asymptomatic,170.0,177.0,FALSE,normal,84.0,TRUE,2.5,downsloping,,,4
738.0,46.0,Male,VA Long Beach,asymptomatic,110.0,236.0,FALSE,normal,125.0,TRUE,2.0,flat,,,1
739.0,63.0,Male,VA Long Beach,asymptomatic,126.0,0.0,FALSE,st-t abnormality,120.0,FALSE,1.5,downsloping,,,0
740.0,60.0,Male,VA Long Beach,asymptomatic,152.0,0.0,FALSE,st-t abnormality,118.0,TRUE,0.0,,,reversable defect,0
741.0,58.0,Male,VA Long Beach,asymptomatic,116.0,0.0,FALSE,normal,124.0,FALSE,1.0,upsloping,,,2
742.0,64.0,Male,VA Long Beach,asymptomatic,120.0,0.0,TRUE,st-t abnormality,106.0,FALSE,2.0,flat,,,1
743.0,63.0,Male,VA Long Beach,non-anginal,130.0,0.0,FALSE,st-t abnormality,111.0,TRUE,0.0,,,,3
744.0,74.0,Male,VA Long Beach,non-anginal,,0.0,FALSE,normal,,,,,,,0
745.0,52.0,Male,VA Long Beach,non-anginal,128.0,0.0,FALSE,st-t abnormality,180.0,FALSE,3.0,upsloping,,,2
746.0,69.0,Male,VA Long Beach,asymptomatic,130.0,0.0,TRUE,st-t abnormality,129.0,FALSE,1.0,flat,,fixed defect,2
747.0,51.0,Male,VA Long Beach,asymptomatic,,0.0,TRUE,st-t abnormality,,,,,,,2
748.0,60.0,Male,VA Long Beach,asymptomatic,130.0,186.0,TRUE,st-t abnormality,140.0,TRUE,0.5,flat,,,1
749.0,56.0,Male,VA Long Beach,asymptomatic,120.0,100.0,FALSE,normal,120.0,TRUE,1.5,flat,0.0,reversable defect,1
750.0,55.0,Male,VA Long Beach,non-anginal,,228.0,FALSE,st-t abnormality,,,,,,,3
751.0,54.0,Male,VA Long Beach,asymptomatic,,0.0,FALSE,st-t abnormality,,,,,,,3
752.0,77.0,Male,VA Long Beach,asymptomatic,124.0,171.0,FALSE,st-t abnormality,110.0,TRUE,2.0,upsloping,,,3
753.0,63.0,Male,VA Long Beach,asymptomatic,160.0,230.0,TRUE,normal,105.0,TRUE,1.0,flat,,,3
754.0,55.0,Male,VA Long Beach,non-anginal,0.0,0.0,FALSE,normal,155.0,FALSE,1.5,flat,,,3
755.0,52.0,Male,VA Long Beach,non-anginal,122.0,0.0,FALSE,normal,110.0,TRUE,2.0,downsloping,,,2
756.0,64.0,Male,VA Long Beach,asymptomatic,144.0,0.0,FALSE,st-t abnormality,122.0,TRUE,1.0,flat,,,3
757.0,60.0,Male,VA Long Beach,asymptomatic,,281.0,FALSE,st-t abnormality,,,,,,,2
758.0,60.0,Male,VA Long Beach,asymptomatic,120.0,0.0,FALSE,normal,133.0,TRUE,2.0,upsloping,,reversable defect,0
759.0,58.0,Male,VA Long Beach,asymptomatic,,203.0,TRUE,normal,,,,,,,1
760.0,59.0,Male,VA Long Beach,asymptomatic,154.0,0.0,FALSE,st-t abnormality,131.0,TRUE,1.5,,0.0,,0
761.0,61.0,Male,VA Long Beach,non-anginal,120.0,0.0,FALSE,normal,80.0,TRUE,0.0,flat,,,3
762.0,40.0,Male,VA Long Beach,asymptomatic,125.0,0.0,TRUE,normal,165.0,FALSE,0.0,,,reversable defect,1
763.0,61.0,Male,VA Long Beach,asymptomatic,,0.0,TRUE,st-t abnormality,86.0,FALSE,1.5,flat,,reversable defect,3
764.0,41.0,Male,VA Long Beach,asymptomatic,104.0,0.0,FALSE,st-t abnormality,111.0,FALSE,0.0,,,,0
765.0,57.0,Male,VA Long Beach,asymptomatic,,277.0,TRUE,st-t abnormality,,,,,,,4
766.0,63.0,Male,VA Long Beach,asymptomatic,136.0,0.0,FALSE,normal,84.0,TRUE,0.0,,,reversable defect,2
767.0,59.0,Male,VA Long Beach,asymptomatic,122.0,233.0,FALSE,normal,117.0,TRUE,1.3,downsloping,,,1
768.0,51.0,Male,VA Long Beach,asymptomatic,128.0,0.0,FALSE,normal,107.0,FALSE,0.0,,,,0
769.0,59.0,Male,VA Long Beach,non-anginal,,0.0,FALSE,normal,128.0,TRUE,2.0,downsloping,,,2
770.0,42.0,Male,VA Long Beach,non-anginal,134.0,240.0,,normal,160.0,FALSE,0.0,,,,0
771.0,55.0,Male,VA Long Beach,non-anginal,120.0,0.0,FALSE,st-t abnormality,125.0,TRUE,2.5,flat,,reversable defect,1
772.0,63.0,Female,VA Long Beach,atypical angina,,0.0,FALSE,normal,,,,,,,0
773.0,62.0,Male,VA Long Beach,asymptomatic,152.0,153.0,FALSE,st-t abnormality,97.0,TRUE,1.6,upsloping,,reversable defect,2
774.0,56.0,Male,VA Long Beach,atypical angina,124.0,224.0,TRUE,normal,161.0,FALSE,2.0,flat,,,0
775.0,53.0,Male,VA Long Beach,asymptomatic,126.0,0.0,FALSE,normal,106.0,FALSE,0.0,,,,1
776.0,68.0,Male,VA Long Beach,asymptomatic,138.0,0.0,FALSE,normal,130.0,TRUE,3.0,flat,,,2
777.0,53.0,Male,VA Long Beach,asymptomatic,154.0,0.0,,st-t abnormality,140.0,TRUE,1.5,flat,,,2
778.0,60.0,Male,VA Long Beach,non-anginal,,316.0,TRUE,st-t abnormality,,,,,,,3
779.0,62.0,Male,VA Long Beach,atypical angina,,0.0,FALSE,normal,,,,,,,0
780.0,59.0,Male,VA Long Beach,asymptomatic,178.0,0.0,TRUE,lv hypertrophy,120.0,TRUE,0.0,,,reversable defect,1
781.0,51.0,Male,VA Long Beach,asymptomatic,,218.0,TRUE,lv hypertrophy,,,,,,,0
782.0,61.0,Male,VA Long Beach,asymptomatic,110.0,0.0,,normal,108.0,TRUE,2.0,downsloping,,,2
783.0,57.0,Male,VA Long Beach,asymptomatic,130.0,311.0,,st-t abnormality,148.0,TRUE,2.0,flat,,,1
784.0,56.0,Male,VA Long Beach,non-anginal,170.0,0.0,FALSE,lv hypertrophy,123.0,TRUE,2.5,,,,4
785.0,58.0,Male,VA Long Beach,atypical angina,126.0,0.0,TRUE,normal,110.0,TRUE,2.0,flat,,,2
786.0,69.0,Male,VA Long Beach,non-anginal,140.0,0.0,,st-t abnormality,118.0,FALSE,2.5,downsloping,,,2
787.0,67.0,Male,VA Long Beach,typical angina,142.0,270.0,TRUE,normal,125.0,FALSE,2.5,upsloping,,,3
788.0,58.0,Male,VA Long Beach,asymptomatic,120.0,0.0,FALSE,lv hypertrophy,106.0,TRUE,1.5,downsloping,,reversable defect,1
789.0,65.0,Male,VA Long Beach,asymptomatic,,0.0,FALSE,normal,,,,,,,1
790.0,63.0,Male,VA Long Beach,atypical angina,,217.0,TRUE,st-t abnormality,,,,,,,1
791.0,55.0,Male,VA Long Beach,atypical angina,110.0,214.0,TRUE,st-t abnormality,180.0,FALSE,,,,,0
792.0,57.0,Male,VA Long Beach,asymptomatic,140.0,214.0,FALSE,st-t abnormality,144.0,TRUE,2.0,flat,,fixed defect,2
793.0,65.0,Male,VA Long Beach,typical angina,,252.0,FALSE,normal,,,,,,,0
794.0,54.0,Male,VA Long Beach,asymptomatic,136.0,220.0,FALSE,normal,140.0,TRUE,3.0,flat,,,3
795.0,72.0,Male,VA Long Beach,non-anginal,120.0,214.0,FALSE,normal,102.0,TRUE,1.0,flat,,,3
796.0,75.0,Male,VA Long Beach,asymptomatic,170.0,203.0,TRUE,st-t abnormality,108.0,FALSE,0.0,,,reversable defect,1
797.0,49.0,Male,VA Long Beach,typical angina,130.0,0.0,FALSE,st-t abnormality,145.0,FALSE,3.0,flat,,,2
798.0,51.0,Male,VA Long Beach,non-anginal,,339.0,FALSE,normal,,,,,,,3
799.0,60.0,Male,VA Long Beach,asymptomatic,142.0,216.0,FALSE,normal,110.0,TRUE,2.5,flat,,,2
800.0,64.0,Female,VA Long Beach,asymptomatic,142.0,276.0,FALSE,normal,140.0,TRUE,1.0,flat,,reversable defect,1
801.0,58.0,Male,VA Long Beach,asymptomatic,132.0,458.0,TRUE,normal,69.0,FALSE,1.0,downsloping,,,0
802.0,61.0,Male,VA Long Beach,asymptomatic,146.0,241.0,FALSE,normal,148.0,TRUE,3.0,downsloping,,,2
803.0,67.0,Male,VA Long Beach,asymptomatic,160.0,384.0,TRUE,st-t abnormality,130.0,TRUE,0.0,flat,,,2
804.0,62.0,Male,VA Long Beach,asymptomatic,135.0,297.0,FALSE,normal,130.0,TRUE,1.0,flat,,,2
805.0,65.0,Male,VA Long Beach,asymptomatic,136.0,248.0,FALSE,normal,140.0,TRUE,4.0,downsloping,,,4
806.0,63.0,Male,VA Long Beach,asymptomatic,130.0,308.0,FALSE,normal,138.0,TRUE,2.0,flat,,,2
807.0,69.0,Male,VA Long Beach,asymptomatic,140.0,208.0,FALSE,st-t abnormality,140.0,TRUE,2.0,,,,3
808.0,51.0,Male,VA Long Beach,asymptomatic,,227.0,TRUE,st-t abnormality,,,,,,,0
809.0,62.0,Male,VA Long Beach,asymptomatic,158.0,210.0,TRUE,normal,112.0,TRUE,3.0,downsloping,,,1
810.0,55.0,Male,VA Long Beach,non-anginal,,245.0,TRUE,st-t abnormality,,,,,,,1
811.0,75.0,Male,VA Long Beach,asymptomatic,136.0,225.0,FALSE,normal,112.0,TRUE,3.0,flat,,,3
812.0,40.0,Male,VA Long Beach,non-anginal,106.0,240.0,FALSE,normal,80.0,TRUE,0.0,,,reversable defect,0
813.0,67.0,Male,VA Long Beach,asymptomatic,120.0,0.0,TRUE,normal,150.0,FALSE,1.5,downsloping,,,3
814.0,58.0,Male,VA Long Beach,asymptomatic,110.0,198.0,FALSE,normal,110.0,FALSE,0.0,,,,1
815.0,60.0,Male,VA Long Beach,asymptomatic,,195.0,FALSE,normal,,,,,,,0
816.0,63.0,Male,VA Long Beach,asymptomatic,160.0,267.0,TRUE,st-t abnormality,88.0,TRUE,2.0,,,,3
817.0,35.0,Male,VA Long Beach,non-anginal,,161.0,FALSE,st-t abnormality,,,,,,,0
818.0,62.0,Male,VA Long Beach,typical angina,112.0,258.0,FALSE,st-t abnormality,150.0,TRUE,,,,,1
819.0,43.0,Male,VA Long Beach,asymptomatic,122.0,0.0,FALSE,normal,120.0,FALSE,0.5,upsloping,,,1
820.0,63.0,Male,VA Long Beach,non-anginal,130.0,0.0,TRUE,st-t abnormality,160.0,FALSE,3.0,flat,,,0
821.0,68.0,Male,VA Long Beach,non-anginal,150.0,195.0,TRUE,normal,132.0,FALSE,0.0,,,fixed defect,1
822.0,65.0,Male,VA Long Beach,asymptomatic,150.0,235.0,FALSE,normal,120.0,TRUE,1.5,flat,,,3
823.0,48.0,Male,VA Long Beach,non-anginal,102.0,0.0,,st-t abnormality,110.0,TRUE,1.0,downsloping,,,1
824.0,63.0,Male,VA Long Beach,asymptomatic,96.0,305.0,FALSE,st-t abnormality,121.0,TRUE,1.0,upsloping,,,1
825.0,64.0,Male,VA Long Beach,asymptomatic,130.0,223.0,FALSE,st-t abnormality,128.0,FALSE,0.5,flat,,,0
826.0,61.0,Male,VA Long Beach,asymptomatic,120.0,282.0,FALSE,st-t abnormality,135.0,TRUE,4.0,downsloping,,fixed defect,3
827.0,50.0,Male,VA Long Beach,asymptomatic,144.0,349.0,FALSE,lv hypertrophy,120.0,TRUE,1.0,upsloping,,reversable defect,1
828.0,59.0,Male,VA Long Beach,asymptomatic,124.0,,FALSE,normal,117.0,TRUE,1.0,flat,,,1
829.0,55.0,Male,VA Long Beach,asymptomatic,150.0,160.0,FALSE,st-t abnormality,150.0,FALSE,0.0,,,,0
830.0,45.0,Male,VA Long Beach,non-anginal,,236.0,FALSE,normal,,,,,,,0
831.0,65.0,Male,VA Long Beach,asymptomatic,,312.0,FALSE,lv hypertrophy,,,,,,,3
832.0,61.0,Male,VA Long Beach,atypical angina,,283.0,FALSE,normal,,,,,,,0
833.0,49.0,Male,VA Long Beach,non-anginal,,142.0,FALSE,normal,,,,,,,3
834.0,72.0,Male,VA Long Beach,asymptomatic,,211.0,FALSE,normal,,,,,,,1
835.0,50.0,Male,VA Long Beach,asymptomatic,,218.0,FALSE,normal,,,,,,,1
836.0,64.0,Male,VA Long Beach,asymptomatic,,306.0,TRUE,st-t abnormality,,,,,,,3
837.0,55.0,Male,VA Long Beach,asymptomatic,116.0,186.0,TRUE,st-t abnormality,102.0,FALSE,0.0,,,,2
838.0,63.0,Male,VA Long Beach,asymptomatic,110.0,252.0,FALSE,st-t abnormality,140.0,TRUE,2.0,flat,,,2
839.0,59.0,Male,VA Long Beach,asymptomatic,125.0,222.0,FALSE,normal,135.0,TRUE,2.5,downsloping,,,3
840.0,56.0,Male,VA Long Beach,asymptomatic,,0.0,FALSE,lv hypertrophy,,,,,,,1
841.0,62.0,Male,VA Long Beach,non-anginal,,0.0,TRUE,st-t abnormality,,,,,,,2
842.0,74.0,Male,VA Long Beach,asymptomatic,150.0,258.0,TRUE,st-t abnormality,130.0,TRUE,4.0,downsloping,,,3
843.0,54.0,Male,VA Long Beach,asymptomatic,130.0,202.0,TRUE,normal,112.0,TRUE,2.0,flat,,,1
844.0,57.0,Male,VA Long Beach,asymptomatic,110.0,197.0,FALSE,lv hypertrophy,100.0,FALSE,0.0,,,,0
845.0,62.0,Male,VA Long Beach,non-anginal,,204.0,FALSE,st-t abnormality,,,,,,,1
846.0,76.0,Male,VA Long Beach,non-anginal,104.0,,FALSE,lv hypertrophy,120.0,FALSE,3.5,downsloping,,,4
847.0,54.0,Female,VA Long Beach,asymptomatic,138.0,274.0,FALSE,normal,105.0,TRUE,1.5,flat,,,1
848.0,70.0,Male,VA Long Beach,asymptomatic,170.0,192.0,FALSE,st-t abnormality,129.0,TRUE,3.0,downsloping,,,2
849.0,61.0,Female,VA Long Beach,atypical angina,140.0,298.0,TRUE,normal,120.0,TRUE,0.0,,,reversable defect,0
850.0,48.0,Male,VA Long Beach,asymptomatic,,272.0,FALSE,st-t abnormality,,,,,,,0
851.0,48.0,Male,VA Long Beach,non-anginal,132.0,220.0,TRUE,st-t abnormality,162.0,FALSE,0.0,,,fixed defect,1
852.0,61.0,Male,VA Long Beach,typical angina,142.0,200.0,TRUE,st-t abnormality,100.0,FALSE,1.5,downsloping,,,3
853.0,66.0,Male,VA Long Beach,asymptomatic,112.0,261.0,FALSE,normal,140.0,FALSE,1.5,upsloping,,,1
854.0,68.0,Male,VA Long Beach,typical angina,,181.0,TRUE,st-t abnormality,,,,,,,0
855.0,55.0,Male,VA Long Beach,asymptomatic,172.0,260.0,FALSE,normal,73.0,FALSE,2.0,,,,3
856.0,62.0,Male,VA Long Beach,non-anginal,120.0,220.0,FALSE,lv hypertrophy,86.0,FALSE,0.0,,,,0
857.0,71.0,Male,VA Long Beach,non-anginal,,221.0,FALSE,normal,,,,,,,3
858.0,74.0,Male,VA Long Beach,typical angina,,216.0,TRUE,normal,,,,,,,3
859.0,53.0,Male,VA Long Beach,non-anginal,155.0,175.0,TRUE,st-t abnormality,160.0,FALSE,,,,fixed defect,0
860.0,58.0,Male,VA Long Beach,non-anginal,150.0,219.0,FALSE,st-t abnormality,118.0,TRUE,0.0,,,,2
861.0,75.0,Male,VA Long Beach,asymptomatic,160.0,310.0,TRUE,normal,112.0,TRUE,2.0,downsloping,,reversable defect,0
862.0,56.0,Male,VA Long Beach,non-anginal,,208.0,TRUE,st-t abnormality,,,,,,,4
863.0,58.0,Male,VA Long Beach,non-anginal,,232.0,FALSE,st-t abnormality,,,,,,,2
864.0,64.0,Male,VA Long Beach,asymptomatic,134.0,273.0,FALSE,normal,102.0,TRUE,4.0,downsloping,,,4
865.0,54.0,Male,VA Long Beach,non-anginal,,203.0,FALSE,st-t abnormality,,,,,,,0
866.0,54.0,Male,VA Long Beach,atypical angina,,182.0,FALSE,st-t abnormality,,,,,,,0
867.0,59.0,Male,VA Long Beach,asymptomatic,140.0,274.0,FALSE,normal,154.0,TRUE,2.0,flat,,,0
868.0,55.0,Male,VA Long Beach,asymptomatic,,204.0,TRUE,st-t abnormality,,,,,,,1
869.0,57.0,Male,VA Long Beach,asymptomatic,144.0,270.0,TRUE,st-t abnormality,160.0,TRUE,2.0,flat,,,3
870.0,61.0,Male,VA Long Beach,asymptomatic,,292.0,FALSE,st-t abnormality,,,,,,,3
871.0,41.0,Male,VA Long Beach,asymptomatic,150.0,171.0,FALSE,normal,128.0,TRUE,1.5,flat,,,0
872.0,71.0,Male,VA Long Beach,asymptomatic,130.0,221.0,FALSE,st-t abnormality,115.0,TRUE,0.0,,,,3
873.0,38.0,Male,VA Long Beach,asymptomatic,110.0,289.0,FALSE,normal,105.0,TRUE,1.5,downsloping,,,1
874.0,55.0,Male,VA Long Beach,asymptomatic,158.0,217.0,FALSE,normal,110.0,TRUE,2.5,flat,,,1
875.0,56.0,Male,VA Long Beach,asymptomatic,128.0,223.0,FALSE,st-t abnormality,119.0,TRUE,2.0,downsloping,,,2
876.0,69.0,Male,VA Long Beach,asymptomatic,,,TRUE,normal,,,,,,,2
877.0,64.0,Male,VA Long Beach,asymptomatic,150.0,193.0,FALSE,st-t abnormality,135.0,TRUE,0.5,flat,,,2
878.0,72.0,Male,VA Long Beach,asymptomatic,160.0,,TRUE,lv hypertrophy,130.0,FALSE,1.5,,,,2
879.0,69.0,Male,VA Long Beach,asymptomatic,,210.0,TRUE,st-t abnormality,,,,,,,2
880.0,56.0,Male,VA Long Beach,asymptomatic,,282.0,TRUE,normal,,,,,,,1
881.0,62.0,Male,VA Long Beach,asymptomatic,,170.0,FALSE,st-t abnormality,120.0,TRUE,3.0,,,,4
882.0,67.0,Male,VA Long Beach,asymptomatic,,369.0,FALSE,normal,,,,,,,3
883.0,57.0,Male,VA Long Beach,asymptomatic,156.0,173.0,FALSE,lv hypertrophy,119.0,TRUE,3.0,downsloping,,,3
884.0,69.0,Male,VA Long Beach,asymptomatic,,289.0,TRUE,st-t abnormality,,,,,,,3
885.0,51.0,Male,VA Long Beach,asymptomatic,,,TRUE,lv hypertrophy,,,,,,reversable defect,1
886.0,48.0,Male,VA Long Beach,asymptomatic,140.0,,FALSE,normal,159.0,TRUE,1.5,upsloping,,,3
887.0,69.0,Male,VA Long Beach,asymptomatic,122.0,216.0,TRUE,lv hypertrophy,84.0,TRUE,0.0,,,reversable defect,2
888.0,69.0,Male,VA Long Beach,non-anginal,,271.0,FALSE,lv hypertrophy,,,,,,,0
889.0,64.0,Male,VA Long Beach,asymptomatic,,244.0,TRUE,st-t abnormality,,,,,,,2
890.0,57.0,Male,VA Long Beach,atypical angina,180.0,285.0,TRUE,st-t abnormality,120.0,FALSE,0.8,,,,1
891.0,53.0,Male,VA Long Beach,asymptomatic,124.0,243.0,FALSE,normal,122.0,TRUE,2.0,flat,,reversable defect,1
892.0,37.0,Male,VA Long Beach,non-anginal,118.0,240.0,FALSE,lv hypertrophy,165.0,FALSE,1.0,flat,,normal,0
893.0,67.0,Male,VA Long Beach,asymptomatic,140.0,219.0,FALSE,st-t abnormality,122.0,TRUE,2.0,flat,,reversable defect,3
894.0,74.0,Male,VA Long Beach,non-anginal,140.0,237.0,TRUE,normal,94.0,FALSE,0.0,,,,1
895.0,63.0,Male,VA Long Beach,atypical angina,,165.0,FALSE,st-t abnormality,,,,,,,0
896.0,58.0,Male,VA Long Beach,asymptomatic,100.0,213.0,FALSE,st-t abnormality,110.0,FALSE,0.0,,,,0
897.0,61.0,Male,VA Long Beach,asymptomatic,190.0,287.0,TRUE,lv hypertrophy,150.0,TRUE,2.0,downsloping,,,4
898.0,64.0,Male,VA Long Beach,asymptomatic,130.0,258.0,TRUE,lv hypertrophy,130.0,FALSE,0.0,,,fixed defect,2
899.0,58.0,Male,VA Long Beach,asymptomatic,160.0,256.0,TRUE,lv hypertrophy,113.0,TRUE,1.0,upsloping,,,3
900.0,60.0,Male,VA Long Beach,asymptomatic,130.0,186.0,TRUE,lv hypertrophy,140.0,TRUE,0.5,flat,,,1
901.0,57.0,Male,VA Long Beach,asymptomatic,122.0,264.0,FALSE,lv hypertrophy,100.0,FALSE,0.0,,,,1
902.0,55.0,Male,VA Long Beach,non-anginal,,,FALSE,st-t abnormality,,,,,,,0
903.0,55.0,Male,VA Long Beach,asymptomatic,120.0,226.0,FALSE,lv hypertrophy,127.0,TRUE,1.7,downsloping,,reversable defect,1
904.0,56.0,Male,VA Long Beach,asymptomatic,130.0,203.0,TRUE,normal,98.0,FALSE,1.5,flat,,reversable defect,1
905.0,57.0,Male,VA Long Beach,asymptomatic,130.0,207.0,FALSE,st-t abnormality,96.0,TRUE,1.0,flat,,,0
906.0,61.0,Male,VA Long Beach,non-anginal,,284.0,FALSE,normal,,,,,,,1
907.0,61.0,Male,VA Long Beach,non-anginal,120.0,337.0,FALSE,normal,98.0,TRUE,0.0,,,,3
908.0,58.0,Male,VA Long Beach,non-anginal,150.0,219.0,FALSE,st-t abnormality,118.0,TRUE,0.0,,,,2
909.0,74.0,Male,VA Long Beach,asymptomatic,155.0,310.0,FALSE,normal,112.0,TRUE,1.5,downsloping,,,2
910.0,68.0,Male,VA Long Beach,non-anginal,134.0,254.0,TRUE,normal,151.0,TRUE,0.0,,,normal,0
911.0,51.0,Female,VA Long Beach,asymptomatic,114.0,258.0,TRUE,lv hypertrophy,96.0,FALSE,1.0,upsloping,,,0
912.0,62.0,Male,VA Long Beach,asymptomatic,160.0,254.0,TRUE,st-t abnormality,108.0,TRUE,3.0,flat,,,4
913.0,53.0,Male,VA Long Beach,asymptomatic,144.0,300.0,TRUE,st-t abnormality,128.0,TRUE,1.5,flat,,,3
914.0,62.0,Male,VA Long Beach,asymptomatic,158.0,170.0,FALSE,st-t abnormality,138.0,TRUE,0.0,,,,1
915.0,46.0,Male,VA Long Beach,asymptomatic,134.0,310.0,FALSE,normal,126.0,FALSE,0.0,,,normal,2
916.0,54.0,Female,VA Long Beach,asymptomatic,127.0,333.0,TRUE,st-t abnormality,154.0,FALSE,0.0,,,,1
917.0,62.0,Male,VA Long Beach,typical angina,,139.0,FALSE,st-t abnormality,,,,,,,0
918.0,55.0,Male,VA Long Beach,asymptomatic,122.0,223.0,TRUE,st-t abnormality,100.0,FALSE,0.0,,,fixed defect,2
919.0,58.0,Male,VA Long Beach,asymptomatic,,385.0,TRUE,lv hypertrophy,,,,,,,0
920.0,62.0,Male,VA Long Beach,atypical angina,120.0,254.0,FALSE,lv hypertrophy,93.0,TRUE,0.0,,,,1
